Login,City
784602,Q
634567,Q
646500,Q
688411,Q
212656,Q
630213,Q
480995,Q
984745,Q
816260,Q
371648,Q
402923,Q
136787,Q
812597,Q
518782,Q
944832,Q
881528,Q
979150,Q
560817,Q
509100,Q
707499,Q
682729,Q
213726,Q
953041,Q
309347,Q
282411,Q
187491,Q
610705,Q
119923,Q
952006,Q
427961,Q
613087,Q
754828,Q
538742,Q
908480,Q
636782,Q
741024,Q
768800,Q
101838,Q
212504,Q
124222,Q
123373,Q
807271,Q
793984,Q
238609,Q
645591,Q
214055,Q
654669,Q
188546,Q
986699,Q
945956,Q
452677,Q
610266,Q
577874,Q
393487,Q
969629,Q
271963,Q
739718,Q
102880,Q
316088,Q
691378,Q
899574,Q
834730,Q
860105,Q
516116,Q
494952,Q
954276,Q
166066,Q
306785,Q
868913,Q
252240,Q
440530,Q
673141,Q
720917,Q
107094,Q
896886,Q
968868,Q
522322,Q
546386,Q
396781,Q
459423,Q
132805,Q
833553,Q
527047,Q
250409,Q
736912,Q
138051,Q
466071,Q
810723,Q
700960,Q
815709,Q
421033,Q
561593,Q
703517,Q
633951,Q
126819,Q
212399,Q
912170,Q
367401,Q
208074,Q
770442,Q
576838,Q
331684,Q
725402,Q
501861,Q
543119,Q
513980,Q
982625,Q
204009,Q
712491,Q
586629,Q
666245,Q
512344,Q
324601,Q
942772,Q
284326,Q
945987,Q
320001,Q
317635,Q
884620,Q
548622,Q
198198,Q
150126,Q
447286,Q
937171,Q
433733,Q
717597,Q
503567,Q
132584,Q
495149,Q
163795,Q
402554,Q
426599,Q
331893,Q
924310,Q
861462,Q
370701,Q
339779,Q
135593,Q
826078,Q
237490,Q
792937,Q
505180,Q
788273,Q
821327,Q
308041,Q
152210,Q
770321,Q
593355,Q
343835,Q
615718,Q
514855,Q
854583,Q
745674,Q
693309,Q
756403,Q
664500,Q
959699,Q
919558,Q
871520,Q
649830,Q
577112,Q
887025,Q
277939,Q
427298,Q
106949,Q
947878,Q
708345,Q
910817,Q
565022,Q
298759,Q
857873,Q
267628,Q
361392,Q
470198,Q
826132,Q
185843,Q
702428,Q
935599,Q
719064,Q
277154,Q
224362,Q
388463,Q
242709,Q
287031,Q
145694,Q
631539,Q
123800,Q
538626,Q
411252,Q
542748,Q
139683,Q
704932,Q
379271,Q
431429,Q
506837,Q
260475,Q
854589,Q
744230,Q
261416,Q
498673,Q
243909,Q
103290,Q
296582,Q
336971,Q
282129,Q
963660,Q
843909,Q
676154,Q
592025,Q
193390,Q
496103,Q
674990,Q
325725,Q
552571,Q
171793,Q
505645,Q
613611,Q
120670,Q
111270,Q
827281,Q
511744,Q
115975,Q
114800,Q
665156,Q
878026,Q
485832,Q
647367,Q
292622,Q
998631,Q
257486,Q
909943,Q
763940,Q
246381,Q
666477,Q
623577,Q
694129,Q
540252,Q
875034,Q
824739,Q
400686,Q
124212,Q
710599,Q
965261,Q
677222,Q
615950,Q
313356,Q
316297,Q
792269,Q
255501,Q
215138,Q
509880,Q
924797,Q
107579,Q
877432,Q
313776,Q
200313,Q
599110,Q
668914,Q
135420,Q
825127,Q
795433,Q
159668,Q
764552,Q
724124,Q
272852,Q
599938,Q
483559,Q
931451,Q
589453,Q
810728,Q
707825,Q
494386,P
573155,P
576767,P
171834,P
583193,P
843119,P
275299,P
678105,P
881371,P
117570,P
415494,P
444354,P
813283,P
510298,P
202608,P
546120,P
294424,P
183720,P
604455,P
696273,P
574288,P
451585,P
608426,P
640394,P
175933,P
832898,P
342287,P
764534,P
279173,P
869546,P
984451,P
513382,P
104412,P
836118,P
838367,P
561679,P
671127,P
810718,P
402403,P
541838,P
630153,P
866874,P
416884,P
811531,P
868565,P
909665,P
981136,P
393333,P
557516,P
593498,P
240729,P
611527,P
614356,P
745881,P
631900,P
249387,P
909789,P
287826,P
680910,P
148882,P
987692,P
785660,P
463549,P
970722,P
938506,P
617816,P
276916,P
400662,P
488449,P
445236,P
722074,P
472522,P
649359,P
465768,P
314602,P
117955,P
169793,P
261083,P
920495,P
422076,P
363576,P
843755,P
846339,P
296427,P
738422,P
935094,P
646115,P
116105,P
279327,P
679566,P
640128,P
588002,P
628293,P
883319,P
261414,P
103929,P
509816,P
523465,P
430613,P
586699,P
998202,P
377311,P
550594,P
695515,P
534776,P
340204,P
141469,P
872069,P
427846,P
344827,P
968688,P
935700,P
641757,P
647747,P
226018,P
659063,P
385105,P
749514,P
945295,P
197569,P
162084,P
860908,P
242441,P
581568,P
201413,P
410408,P
430319,P
869024,P
271060,P
493043,P
899468,P
402226,P
412172,P
601709,P
474268,P
716272,P
684667,P
536281,P
966975,P
446628,P
997070,P
902952,P
663356,P
473431,P
749620,P
308239,P
572528,P
227559,P
715112,P
370243,P
739772,P
600074,P
110282,P
434555,P
454467,P
441319,P
330583,P
168690,P
959962,P
797652,P
983672,P
587088,P
459935,P
333882,P
576337,P
911485,P
239991,P
502529,P
184001,P
728861,P
357210,P
330001,P
575232,P
130323,P
600349,P
606417,P
587649,P
574739,P
146656,P
675436,P
502737,P
752671,P
237405,P
860725,P
425262,P
378158,P
706286,P
345625,P
243872,P
470041,P
870625,P
757803,P
580484,P
380231,P
835931,P
111696,P
748152,P
158875,P
638114,P
494721,P
448258,P
443755,P
216407,P
103703,P
715070,P
630014,P
967444,P
737927,P
587748,P
949682,P
812949,P
837236,P
598583,P
611768,P
489006,P
720007,P
804258,P
366357,P
544313,P
176834,P
190850,P
616164,P
629620,P
985348,P
729662,P
959116,P
636779,P
265246,P
641442,P
367849,P
442291,P
627871,P
233128,P
214513,P
763092,P
325273,P
125133,P
286780,P
898349,P
690378,P
214385,P
993505,P
469844,P
592263,P
387189,P
500529,P
713618,P
504167,P
273035,P
699624,P
608644,P
561594,P
931302,P
300384,P
374710,P
790994,P
253359,P
659617,P
995510,P
183476,P
747196,P
214418,P
383047,P
115505,P
878410,P
126756,P
836897,P
135502,P
396137,P
718566,P
850315,P
153020,P
592921,P
430461,P
691784,P
433288,P
931440,P
930520,P
876003,P
304554,P
257337,P
687730,P
939328,P
613415,P
830821,P
564001,P
468737,P
835963,P
103747,P
335168,P
640702,P
219169,P
758191,P
462179,P
700437,P
216673,P
390219,P
503620,P
134866,P
989720,P
637040,P
177187,P
606936,P
725223,P
234299,P
502458,P
160894,P
360467,P
675783,P
433221,P
734883,P
715899,P
773750,P
510202,P
808664,P
609623,P
123683,P
582221,P
307574,P
202866,P
854500,P
243997,P
331441,P
897218,P
725190,P
863300,P
586926,P
229297,P
474496,P
650398,P
915231,P
970799,P
135523,P
729422,P
175187,P
834899,P
240546,P
738331,P
104920,P
720062,P
448145,P
800076,P
703134,P
325264,P
354632,P
955763,P
688910,P
830176,P
436643,P
327237,P
548378,P
995519,P
791358,P
677989,P
365228,P
782345,P
620269,P
487216,P
269099,P
597651,P
994664,P
178351,P
554242,P
454428,P
282222,P
938086,P
866049,P
722335,P
641956,P
323855,P
501954,P
189471,P
232844,P
132960,P
752129,P
525956,P
402573,P
180882,P
374130,P
862634,P
256125,P
682753,P
266007,P
489891,P
112845,P
460015,P
381275,P
463690,P
353491,P
113805,P
763507,P
439890,P
582603,P
972779,P
533117,P
130233,P
922548,P
273352,P
983625,P
283088,P
743793,P
568558,P
598712,P
105439,P
320890,P
471985,P
410276,P
587298,P
781461,P
108837,P
602545,P
892253,P
536852,P
762889,P
451875,P
739142,P
522783,P
257400,P
547687,P
552098,P
252638,P
255853,P
194836,P
809603,P
328265,P
595259,P
422473,P
943666,P
633423,P
448466,P
901365,P
433521,P
931928,P
292180,P
813737,P
908082,P
887404,P
691112,P
828178,P
242449,P
566038,P
775641,P
668907,P
446231,P
694377,P
718635,P
285338,P
782836,P
647781,P
698068,P
329115,P
617351,P
617132,P
835617,P
507857,P
819193,P
465536,P
943487,P
369396,P
545829,P
951729,P
120905,P
374070,P
133904,P
206666,P
929988,P
271183,P
496801,P
324350,P
155549,P
390243,P
147414,P
414271,P
513259,P
582144,P
389027,P
912290,P
220210,P
186810,P
711346,P
860750,P
127163,P
362051,P
716637,P
172793,P
608757,P
236194,P
587788,P
922162,P
368344,P
249023,P
544875,P
995506,P
373128,P
292224,P
202899,P
449325,P
396730,P
369829,P
995241,P
317324,P
429197,P
914873,P
456130,P
884881,P
539456,P
455421,P
199346,P
765711,P
583697,P
307158,P
435670,P
152842,P
502357,P
936753,P
614919,P
388337,P
555368,P
690763,P
622038,P
860526,P
443001,P
284736,P
944457,P
644399,P
458805,P
352408,P
391919,P
377402,P
719161,P
500434,P
656027,P
433497,P
542058,P
888964,P
272353,P
544503,P
225038,P
345133,P
524920,P
517337,P
300807,P
569926,P
424258,P
692324,P
157124,P
827022,P
548501,P
536130,P
446076,P
108215,P
820570,P
320828,P
266495,P
865136,P
792207,P
714956,P
592924,P
729317,P
152776,P
921176,P
690733,P
449496,P
768209,P
631754,P
225718,P
989873,P
986322,P
790759,P
691116,P
582751,P
919550,P
827142,P
841294,P
330238,P
797106,P
224955,P
904896,P
375669,P
478740,P
595352,P
904298,P
596019,P
370313,P
309948,P
424910,P
988230,P
789237,P
486221,P
930925,P
516567,P
290397,P
884487,P
577931,P
237739,P
176377,P
910382,P
167142,P
350181,P
170427,P
557096,P
220308,P
103001,P
702811,P
495134,P
609384,P
753551,P
995219,P
460031,P
933046,P
448566,P
106558,P
900087,P
344217,P
803601,P
556306,P
132923,P
697370,P
423094,P
112307,P
339798,P
744025,P
433519,P
728206,P
146325,P
456722,P
851873,P
207250,P
448970,P
680146,P
740153,P
454080,P
731972,P
823736,P
376274,P
254747,P
308738,P
983663,P
310179,P
958639,P
973454,P
422747,P
832979,P
441619,P
455315,P
958379,P
649429,P
260428,P
640595,P
190366,P
329668,P
322010,P
703091,P
898732,P
351364,O
171156,O
905389,O
533050,O
167853,O
543526,O
285173,O
465023,O
764222,O
541462,O
627491,O
531842,O
492454,O
415059,O
584483,O
139098,O
597241,O
417147,O
793670,O
235285,O
206017,O
679696,O
384493,O
705438,O
714791,O
261780,O
708559,O
318131,O
782580,O
624070,O
465751,O
592442,O
540918,O
577857,O
831357,O
717910,O
325974,O
321936,O
992977,O
175227,O
658346,O
384350,O
386703,O
569737,O
528027,O
904070,O
520512,O
741173,O
330882,O
331156,O
874873,O
659288,O
765119,O
737309,O
828192,O
766290,O
242128,O
929795,O
609496,O
116844,O
552420,O
512670,O
239076,O
918940,O
323016,O
336002,O
892330,O
824726,O
855614,O
918198,O
288567,O
780372,O
781342,O
918213,O
246832,O
339386,O
946666,O
529159,O
404326,O
186721,O
992446,O
409520,O
876163,O
324840,O
873708,O
422567,O
327011,O
602037,O
872572,O
676974,O
331397,O
396212,O
435136,O
821636,O
252120,O
326471,O
734212,O
224895,O
848116,O
864900,O
993236,O
741677,O
749513,O
395666,O
170747,O
528545,O
985910,O
149106,O
568624,O
402113,O
864224,O
643787,O
213929,O
176193,O
763034,O
223551,O
860456,O
922510,O
526006,O
356114,O
507755,O
821597,O
337942,O
496320,O
666366,O
119250,O
752597,O
307044,O
805821,O
935315,O
823280,O
217558,O
913651,O
774366,O
276982,O
360618,O
471215,O
149070,O
627119,O
720245,O
466649,O
609218,O
597702,O
187238,O
142247,O
514484,O
260126,O
159438,O
239370,O
462355,O
124069,O
996937,O
997418,O
529624,O
613824,O
357074,O
606121,O
735611,O
909192,O
606906,O
956950,O
882559,O
387905,O
442596,O
789241,O
148547,O
661864,O
566574,O
824884,O
931959,O
408449,O
219940,O
481008,O
919657,O
721066,O
228407,O
595415,O
993351,O
616793,O
150030,O
476760,O
743509,O
538591,O
919339,O
582371,O
652202,O
821777,O
592594,O
248748,O
187012,O
742767,O
549832,O
456879,O
602400,O
301141,O
203243,O
540365,O
582268,O
437112,O
990846,O
500404,O
517497,O
566061,O
419074,O
565335,O
539569,O
915713,O
870960,O
741115,O
104782,O
501161,O
847887,O
727192,O
797761,O
546795,O
859071,O
216505,O
668271,O
469360,O
377560,O
292743,O
253917,O
755551,O
876917,O
483793,O
412279,O
333416,O
525306,O
332503,O
500727,O
334424,O
246721,O
255543,O
111135,O
696630,O
394942,O
566878,O
119548,O
328875,O
483900,O
931545,O
304667,O
998603,O
654156,O
261308,O
241933,O
485517,O
261077,O
550016,O
854581,O
921094,O
105571,O
357133,O
340186,O
779472,O
837899,N
496443,N
162025,N
528630,N
534812,N
577026,N
386394,N
728059,N
637757,N
920167,N
323011,N
105970,N
575514,N
156871,N
843091,N
895283,N
490943,N
948379,N
505861,N
611116,N
611023,N
120675,N
556314,N
594681,N
144344,N
993067,N
655837,N
841242,N
881293,N
526792,N
888052,N
532219,N
178168,N
446061,N
974786,N
148698,N
551341,N
339749,N
707094,N
494620,N
312244,N
217103,N
431982,N
510469,N
972878,N
844952,N
963814,N
446638,N
956146,N
120237,N
369620,N
117853,N
459159,N
421636,N
629964,N
230789,N
978647,N
705828,N
853025,N
189059,N
765926,N
409861,N
828694,N
324322,N
484449,N
823798,N
154763,N
740832,N
141872,N
316592,N
989495,N
146044,N
399786,N
328918,N
146422,N
832241,N
118333,N
756171,N
453452,N
112893,N
875907,N
928384,N
724484,N
759998,N
241356,N
341296,N
753949,N
584199,N
789204,N
691859,N
161821,N
257887,N
119414,N
753843,N
283865,N
399175,N
357278,N
771302,N
609364,N
755945,N
631658,N
762450,N
151989,N
752592,N
315356,N
776024,N
192175,N
417758,N
275065,N
282803,N
232477,N
152949,N
914711,N
772070,N
322921,N
394208,N
312492,N
152985,N
139294,N
983210,N
741798,N
638174,N
397837,N
964628,N
382242,N
277448,N
139268,N
829403,N
342851,N
534631,N
252951,N
646753,N
749564,N
700497,N
900460,N
345333,N
247200,N
538971,N
604559,N
490111,N
192180,N
678272,N
401677,N
763827,N
554589,N
219851,N
715766,N
403949,N
475558,N
492727,N
274843,N
731401,N
648300,N
986310,N
994893,N
432794,N
389555,N
738371,N
887486,N
148936,N
190308,N
668646,N
958530,N
619011,N
589933,N
506807,N
527134,N
179489,N
244936,N
216902,N
911754,N
566054,N
543603,N
809159,N
993643,N
493407,N
427737,N
171066,N
310116,N
867497,N
149212,N
328102,N
858520,N
599488,N
971581,N
135923,N
110171,N
290440,N
595341,N
830445,N
820401,N
860493,N
813926,N
639121,N
534871,N
353010,N
895666,N
108376,N
846311,N
739506,N
302305,N
693408,N
733862,N
697347,N
724040,N
332802,N
124101,N
918228,N
363883,N
666625,N
102042,N
669830,N
932802,N
656550,N
809034,N
670774,N
824999,N
153834,N
268531,N
884790,N
763536,N
380179,N
799915,N
324951,N
944167,N
398232,N
810350,N
859623,N
137003,N
307349,N
143513,N
744827,N
570294,N
905827,N
393556,N
259431,N
486359,N
864403,N
286789,N
919735,N
873710,N
176861,N
963396,N
148266,N
772202,N
163759,N
340247,N
657674,N
334188,N
673615,N
743697,N
477457,N
105040,N
307294,N
567689,N
965854,N
804900,N
535763,N
476435,N
652168,N
277572,N
447790,N
771842,N
415025,N
136412,N
297643,N
441335,N
392096,N
394926,N
828876,N
215341,N
190334,N
246365,N
282025,N
941360,N
541140,N
831251,N
412880,N
533325,N
262692,N
953934,N
996927,N
289068,N
244491,N
336021,N
800431,N
610408,N
970060,N
869437,N
768081,N
469147,N
186016,N
126444,N
191183,N
599233,N
678347,M
482362,M
909967,M
740413,M
692762,M
146398,M
298729,M
680468,M
167400,M
502675,M
506890,M
484957,M
115868,M
677073,M
827414,M
649474,M
205547,M
469140,M
499917,M
749001,M
513357,M
330418,M
944087,M
408050,M
174242,M
851009,M
823158,M
717868,M
801423,M
653549,M
526963,M
482136,M
365965,M
730752,M
113569,M
441667,M
966107,M
969152,M
735223,M
136604,M
912055,M
267353,M
261840,M
181479,M
305100,M
113899,M
705976,M
375619,M
997743,M
675296,M
108072,M
825203,M
358443,M
767077,M
796855,M
926016,M
343805,M
834745,M
643913,M
594776,M
170836,M
374067,M
528994,M
600680,M
173337,M
918740,M
879415,M
536698,M
771640,M
565621,M
111444,M
454886,M
637052,M
214834,M
389314,M
759003,M
950871,M
482402,M
765256,M
484556,M
318804,M
709691,M
125841,M
888519,M
579437,M
152317,M
314723,M
727704,M
963343,M
802059,M
437053,M
913314,M
522963,M
392781,M
381685,M
266640,M
483231,M
538057,M
431645,M
285233,M
815357,M
854023,M
106119,M
446123,M
146540,M
494437,M
645248,M
386873,M
873592,M
127335,M
999467,M
121867,M
660705,M
257803,M
132851,M
755814,M
437338,M
979468,M
685161,M
525879,M
218707,M
638607,M
596432,M
621337,M
116930,M
408197,M
228747,M
392848,M
644262,M
414182,M
646100,M
133034,M
497907,M
279801,M
782188,M
625493,M
983357,M
238994,M
167537,M
482555,M
491936,M
432074,M
843286,M
107410,M
427962,M
283194,M
253547,M
655648,M
812751,M
717956,M
760099,M
804453,M
424785,M
660701,M
505149,M
945727,M
333213,M
567873,M
471561,M
446806,M
846160,M
118737,M
273411,M
419781,M
257160,M
134018,M
305876,M
755448,M
424374,M
168390,M
257364,M
404255,M
472163,M
812642,M
891169,M
161278,M
501207,M
267205,M
311998,M
371089,M
321431,M
842352,M
883649,M
372074,M
783816,M
870110,M
976629,M
218858,M
795778,M
740976,M
272318,M
687830,M
553707,M
646006,M
509645,M
285809,M
952325,M
126453,M
371747,M
210085,M
168873,M
170838,M
724583,M
579648,M
684174,M
454211,M
270030,M
884835,M
941330,M
509796,M
200969,M
545814,M
540994,M
889709,M
598721,M
885429,M
763779,M
198713,M
980802,M
590972,M
546588,M
844734,M
428915,M
898538,M
926035,M
938304,M
955981,M
573229,M
665447,M
796423,M
232302,M
377566,M
615713,M
429756,M
108524,M
255005,M
381289,M
217844,M
454565,M
251348,M
490204,M
496099,M
953424,M
792918,M
717639,M
418187,M
461151,M
212617,M
132314,M
417840,M
804899,M
916909,M
816427,M
399079,M
355703,M
741741,M
978414,M
244386,M
777529,M
602730,M
926653,M
914197,M
399691,M
397590,M
575689,M
760197,M
616064,M
790182,M
679404,M
444995,M
763305,M
755019,M
586118,M
307713,M
251048,M
323398,M
150739,M
589329,M
649138,M
470000,M
678554,M
982551,M
987100,M
614969,M
781267,M
453407,M
221044,M
694612,M
547844,M
495048,M
438153,M
405482,M
362263,M
558333,M
851028,M
387771,M
999476,M
501510,M
292062,M
619192,M
256763,M
482528,M
901623,M
145517,M
887650,M
389062,M
851349,M
578251,M
358101,M
808813,M
527246,M
110347,M
132295,M
717294,M
794583,M
649793,M
446724,M
524548,M
448713,M
499699,M
266603,M
780744,M
779965,M
920883,M
445012,M
718263,M
484421,M
557665,M
904729,M
803680,M
875176,M
198274,M
347585,M
592859,M
168677,M
865378,M
296237,M
753097,M
667327,M
101582,M
742310,M
670387,M
521628,M
523799,M
502242,M
638865,M
575350,M
536679,M
174636,M
606464,M
759839,M
440180,M
946137,M
538899,M
399142,M
278918,M
768705,M
106149,M
186508,M
643259,M
995030,M
292803,M
792578,M
985005,M
405760,M
540390,M
888638,M
484274,M
837472,M
927615,M
857823,M
380482,M
514919,M
371282,M
972317,M
711150,M
579053,M
806287,M
329345,M
754957,M
590532,M
304617,M
337187,M
963880,M
556985,M
200829,M
820509,M
238410,M
655934,M
286296,M
101641,M
263351,M
787830,M
538650,M
924500,M
910200,M
890924,M
290389,M
596279,M
505399,M
448157,M
170843,M
955819,M
477902,M
641049,M
147879,M
680075,M
378535,M
614235,M
790970,M
674063,M
887096,M
450732,M
594267,M
693894,M
197551,M
155449,M
419603,M
364311,M
461497,M
665834,M
264403,M
329044,M
372860,M
926080,M
462358,M
855085,M
911015,M
256363,M
244096,M
638382,M
994660,M
195320,M
446368,M
506488,M
560162,M
400072,M
407701,M
436869,M
342594,M
160323,M
441727,M
526303,M
178527,M
557513,M
293620,M
306859,M
878605,M
107304,M
241424,M
804237,M
731523,M
835325,M
615551,M
565565,M
178514,M
437873,M
617025,M
925060,M
480355,M
607570,M
840399,M
353007,M
779905,M
124678,M
966221,M
729111,M
955989,M
837806,M
409605,M
745067,M
921735,M
680508,M
145869,M
425143,M
430061,M
632814,M
495219,M
202079,M
928958,M
495709,M
580664,M
673725,M
723319,M
920311,M
748418,M
537898,M
792611,M
694376,M
842390,M
105890,M
554729,M
920592,M
496149,M
444120,M
722799,M
910357,M
452603,M
920510,M
648756,M
225794,M
874670,M
401472,M
450676,M
684858,M
487511,M
924352,M
677445,M
779518,M
591859,M
800112,M
575085,M
399585,M
505768,M
231197,M
644089,M
336329,M
165306,M
609904,M
943532,M
297968,M
249340,M
101955,M
145925,M
835105,M
349667,M
726061,M
125149,M
758960,M
806658,M
505794,M
372712,M
129799,M
767367,M
979682,M
189544,M
459661,M
713149,M
414893,M
887803,M
520110,M
405411,M
608197,M
101246,M
187135,M
664199,M
662720,M
379724,M
194828,M
152342,M
939915,M
861525,M
156445,M
426131,M
964733,M
615789,M
685655,M
960104,M
798453,M
272308,M
903178,M
594785,M
691627,M
444156,M
802125,M
493764,M
524880,M
897340,M
474277,M
997905,M
687509,M
610846,M
978148,M
527540,M
427571,M
759964,M
493936,M
440000,M
919227,M
115564,M
214847,M
455372,M
252603,M
442642,M
299536,M
660755,M
602609,M
384263,M
783299,M
910427,M
713662,M
820971,M
262401,M
336688,M
218665,M
826193,M
177491,M
830376,M
421359,M
656110,M
120052,M
694394,M
332877,M
686993,M
368227,M
826648,M
750471,M
817101,M
648374,M
381701,M
627447,M
570743,M
675886,M
709152,M
935475,M
747514,M
676761,M
927679,M
649485,M
715108,M
497364,M
985046,M
556917,M
687142,M
503395,M
546621,M
263442,M
583065,M
135481,M
651035,M
172030,M
565624,M
493737,M
226155,M
750405,M
640310,M
519447,M
665578,M
337116,M
694442,M
305115,M
175859,M
285815,M
682184,M
806455,M
300222,M
434966,M
952708,M
185624,M
932248,M
902900,M
843132,M
404422,M
120106,M
660540,M
981886,M
887467,M
360386,M
247660,M
523545,M
611251,M
801376,M
609486,M
722735,M
542002,M
160964,M
652016,M
428440,M
957309,M
733445,M
597773,M
631760,M
237768,M
318675,M
607798,M
770534,M
729706,M
976742,M
367789,M
337228,M
847741,M
906813,M
980003,M
600183,M
340312,M
720584,M
483902,M
249462,M
945750,M
251782,M
243189,M
632103,M
274156,M
764003,M
794199,M
219353,M
233474,M
450555,M
498252,M
815450,M
360176,M
363091,M
968116,M
677159,M
801181,M
643188,M
415767,M
126215,M
663364,M
556162,M
677835,M
180240,M
439962,M
665046,M
430929,M
852083,M
112419,M
856052,M
219858,M
750034,M
587139,M
244169,M
399798,M
842578,M
891884,M
507710,M
670575,M
926812,M
223466,M
886963,M
681268,M
442450,M
118285,M
628650,M
874644,M
272439,M
342892,M
593808,M
642051,M
372612,M
823961,M
866215,M
324339,M
158684,M
589197,M
452441,M
793547,M
371945,M
152673,M
319730,M
980445,M
555583,M
528139,M
100586,M
117001,M
351441,M
929569,M
126254,M
297449,M
819435,M
567477,M
462288,M
748046,M
976960,M
891276,M
132061,M
662314,M
235594,M
499974,M
894073,M
219584,M
312219,M
243441,M
607165,M
742896,M
197071,M
324429,M
224160,M
601744,M
982511,M
595197,M
368383,M
967693,M
715774,M
676389,M
985988,M
798168,M
595035,M
539023,M
711732,M
977153,M
240367,M
978551,M
683511,M
129419,M
487491,M
393859,M
222509,M
546139,M
815632,M
550729,M
325224,M
903734,M
200999,M
559487,M
748482,M
946024,M
738583,M
940046,M
808246,M
590531,M
765142,M
135187,M
607754,M
689696,M
249364,M
660747,M
602768,M
103980,M
882201,M
742285,M
608146,M
171320,M
610659,M
148914,M
423908,M
901831,M
136266,M
748828,M
427101,M
115557,M
315507,M
626915,M
292731,M
439600,M
103763,M
726608,M
742721,M
873697,M
545026,M
271331,M
831591,M
168644,M
906631,M
991820,M
563341,M
415060,M
550058,M
870689,M
923038,M
390992,M
259941,M
770334,M
290183,M
679134,M
110344,M
627192,M
197692,M
652963,M
559423,M
381623,M
877773,M
458420,M
886801,M
466470,M
399085,M
147284,M
494832,M
707602,M
710642,M
658935,M
280237,M
802351,M
569379,M
332365,M
404078,M
465357,M
291197,M
260222,M
548557,M
945604,M
720906,M
799128,M
725003,M
308660,M
922777,M
523970,M
301785,M
465439,M
514883,M
142143,M
381603,M
252857,M
990434,M
236982,M
586203,M
385723,M
271401,M
917442,M
995789,M
339260,M
524215,M
225763,M
155350,M
204880,M
976664,M
790743,M
914294,M
894370,M
133606,M
919533,M
349614,M
960155,M
262871,M
552629,M
134723,M
694020,M
983608,M
182211,M
142897,M
623210,M
255812,M
810624,M
688682,M
985163,M
914115,M
149536,M
294538,M
458540,M
726615,M
814679,M
146897,M
418951,M
390071,M
596245,M
419535,M
719298,M
211196,M
864365,M
304013,M
994126,M
123569,M
905396,M
466270,M
657908,M
291188,M
384317,M
228943,M
666451,M
486987,M
909351,M
656717,M
594729,M
274055,M
445921,M
616963,M
539767,M
694239,M
281991,M
451062,M
795208,M
243656,M
510583,M
939336,M
974440,M
872424,M
354256,M
384849,M
166386,M
920975,M
696066,M
349985,M
103946,M
226746,M
271018,M
598664,M
978880,M
352278,M
153693,M
374915,M
889781,M
603473,M
210298,M
917773,M
115948,M
433696,M
355398,M
136865,M
418892,M
198881,M
595390,M
449222,M
885582,M
871845,M
521158,M
915094,M
713398,M
217454,M
433976,M
550100,M
769545,M
284977,M
116237,M
910614,M
707942,M
605392,M
689192,M
666206,M
356391,M
912647,M
166992,M
759034,M
962069,M
387858,M
503093,M
166221,M
362539,M
497336,M
531950,M
765022,M
370126,M
637069,M
363351,M
367384,M
934593,M
875060,M
901111,M
877669,M
987631,M
715117,M
999044,M
462906,M
128441,M
715691,M
692993,M
537819,M
370496,M
308761,M
673646,M
523100,M
559013,M
686668,M
708258,M
643080,M
902224,M
144927,M
625501,M
472327,M
536357,M
849211,M
695428,M
783533,M
886998,M
294982,M
514799,M
142454,M
407294,M
739098,M
278767,M
595876,M
110071,M
751943,M
216090,M
179764,M
496392,M
298496,M
336977,M
763150,M
542000,M
786153,M
970441,M
232410,M
692765,M
325891,M
228664,M
417812,M
326673,M
193877,M
381009,M
424551,M
360107,M
351808,M
599803,M
554372,M
759835,M
130348,M
743864,M
689233,M
546639,M
282251,M
181794,M
855535,M
560824,M
552308,M
148510,M
229369,M
932719,M
427747,M
625061,M
462257,M
246753,M
455869,M
164326,M
629221,M
768156,M
563001,M
652453,M
424218,M
962141,M
670135,M
102029,M
370052,M
254373,M
351978,M
723756,M
374021,M
673808,M
522512,M
836379,M
458085,M
217752,M
933320,M
667652,M
748688,M
154392,M
467884,M
714656,M
631671,M
284561,M
630851,M
684353,M
591569,M
732464,M
552237,M
890984,M
501980,M
225965,M
121652,M
820037,M
296212,M
609153,M
682190,M
155328,M
999027,M
705465,M
715836,M
648721,M
171416,M
403527,M
624187,M
659976,M
658331,M
156228,M
769061,M
850936,M
353382,M
947713,M
742897,M
779718,M
194586,M
908671,M
434242,M
367043,M
703337,M
984741,M
810473,M
988595,M
946044,M
169989,M
792194,M
903504,M
584148,M
586965,M
324725,M
258103,M
302479,M
180420,M
839351,M
550299,M
174090,M
527620,M
306869,M
548904,M
921456,M
109062,M
697006,M
678708,M
345008,M
258865,M
552966,M
121654,M
385697,M
535857,M
353009,M
559672,M
929260,M
933208,M
322186,M
105702,M
620562,M
539321,M
872019,M
307229,M
871784,M
883584,M
462562,M
268736,M
739524,M
191533,M
929839,M
317615,M
585915,M
221357,M
202875,M
170832,M
604049,M
603866,M
487927,M
598947,M
388969,M
905043,M
947217,M
971896,M
226599,M
269291,M
712329,M
728222,M
712006,M
269253,M
188957,M
923450,M
229198,M
533511,M
697163,M
203964,M
421837,M
288090,M
783945,M
775096,M
971283,M
689211,M
570128,M
225653,M
389882,M
672605,M
139399,M
283793,M
752588,M
841410,M
457060,M
908398,M
691370,M
748858,M
614926,M
488391,M
522411,M
421955,M
115950,M
199591,M
738023,M
101901,M
989791,M
815682,M
685003,M
238619,M
816410,M
716153,M
601988,M
429345,M
773198,M
879851,M
122994,M
604330,M
174715,M
423285,M
773706,M
154049,M
771113,M
810767,M
545190,M
842592,M
317498,M
158751,M
936968,M
238049,M
214540,M
931945,M
517818,M
936900,M
732049,M
171986,M
623367,M
784281,M
307784,M
573416,M
771830,M
528059,M
338289,M
754939,M
199999,M
944206,M
190910,M
275428,M
901824,M
887321,M
547711,M
980830,M
730842,M
337293,M
180460,M
697992,M
743976,M
651145,M
439121,M
647629,M
815353,M
861238,M
743114,M
409408,M
631312,M
266235,M
226239,M
125879,M
891492,M
559745,M
339765,M
151080,M
862868,M
464586,M
210541,M
946772,M
922990,M
691286,M
355290,M
174324,M
895931,M
568451,M
500314,M
434124,M
687926,M
408613,M
803152,M
218877,M
830835,M
614007,M
466204,M
716296,M
928367,M
122730,M
258042,M
540630,M
541617,M
306609,M
396419,M
796376,M
667715,M
833590,M
982476,M
383737,M
934498,M
142041,M
590152,M
137825,M
655234,M
123364,M
829789,M
393257,M
676801,M
600546,M
798859,M
159446,M
647069,M
984748,M
923956,M
331804,M
443751,M
510335,M
763178,M
942184,M
703579,M
469240,M
336984,M
614835,M
505134,M
755955,M
474852,M
294180,M
477752,M
503956,M
673925,M
620222,M
894097,M
363297,M
314507,M
444452,M
982741,M
839914,M
227609,M
156839,M
970310,M
497150,M
259124,M
526992,M
464773,M
895101,M
146773,M
741241,M
458287,M
391766,M
423887,M
314119,M
129706,M
269104,M
676770,M
916467,M
454653,M
966571,M
249207,M
402453,M
195166,M
652919,M
863169,M
111904,M
927866,M
621444,M
921177,M
535881,M
920946,M
484117,M
296175,M
678880,M
260211,M
699612,M
299841,M
128389,M
520422,M
567341,M
961158,M
256762,M
586637,M
373908,M
865323,M
420486,M
441220,M
838309,M
188898,M
113207,M
952084,M
392801,M
574743,M
585688,M
500412,M
661091,M
680439,M
230628,M
816669,M
483276,M
217487,M
563709,M
157654,M
204608,M
938296,M
526496,M
929992,M
449869,M
798210,M
140156,M
541969,M
821135,M
971726,M
262726,M
736573,M
118250,M
408252,M
276999,M
215974,M
158842,M
280764,M
765729,M
906044,M
102277,M
482793,M
644528,M
740652,M
574673,M
503584,M
340825,M
682235,M
929067,M
800747,M
933069,M
471182,M
653659,M
335734,M
452226,M
741950,M
514419,M
137458,M
464478,M
256009,M
569801,M
555807,M
781483,M
480389,M
802126,M
518681,M
425121,M
218718,M
126893,M
687863,M
538612,M
144626,M
793436,M
225303,M
658574,M
788451,M
204149,M
281968,M
519530,M
995122,M
212850,M
195779,M
723972,M
389255,M
636788,M
254263,M
427748,M
837656,M
794195,M
265233,M
781329,M
907192,M
462999,M
976457,M
587605,M
131172,M
441780,M
755122,M
993675,M
555433,M
266847,M
564519,M
259760,M
547112,M
869235,M
246935,M
702769,M
245129,M
901206,M
428201,M
891674,M
342327,M
848903,M
716061,M
190213,M
902794,M
676312,M
669390,M
857379,M
615269,M
295597,M
695206,M
663814,M
658459,M
478124,M
102843,M
966790,M
773150,M
299621,M
633527,M
428327,M
503821,M
684722,M
668198,M
694887,M
129719,M
266488,M
447794,M
915445,M
702916,M
434614,M
557390,M
558244,M
411803,M
128405,M
652903,M
385058,M
336476,M
320349,M
625082,M
779150,M
310483,M
917494,M
280788,M
437510,M
448371,M
667127,M
290344,M
788378,M
917717,M
222162,M
737600,M
146739,M
598710,M
346953,M
776656,M
207082,M
142542,M
830484,M
861471,M
475749,M
198134,M
285005,M
610327,M
491923,M
750117,M
730360,M
368440,M
648814,M
883515,M
804842,M
806990,M
462333,M
651302,M
928777,M
164678,M
220472,M
693785,M
744530,M
225331,M
616693,M
331358,M
564903,M
939315,M
365527,M
199166,M
196119,M
664818,M
297133,M
900929,M
563295,M
725263,M
849223,M
665875,M
865888,M
164659,M
595814,M
681094,M
289852,M
669554,M
823316,M
249649,M
996504,M
350831,M
858229,M
320311,M
498031,M
430407,M
304388,M
404995,M
533784,M
624949,M
366164,M
684098,M
821681,M
556832,M
253435,M
803171,M
503937,M
804626,M
457407,M
776127,M
520673,M
405291,M
882267,M
377563,M
183807,M
463700,M
384641,M
600056,M
516440,M
325425,M
727938,M
519293,M
311350,M
322601,M
441533,M
499120,M
177777,M
361316,M
559862,M
356393,M
350910,M
537977,M
813546,M
559191,M
332004,M
679730,M
200452,M
226362,M
907223,M
688160,M
313607,M
519286,M
717319,M
337893,M
631483,M
613545,M
254738,M
852056,M
130884,M
919425,M
204191,M
904785,M
824166,M
174448,M
240048,M
928722,M
411994,M
106816,M
568310,M
168487,M
846267,M
359550,M
908647,M
846047,M
363461,M
670336,M
632293,M
541010,M
439931,M
724193,M
896346,M
326295,M
326243,M
887904,M
574174,M
781135,M
721964,M
934174,M
349990,M
711614,M
485730,M
526393,M
116617,M
373973,M
120743,M
895387,M
728523,M
964980,M
336684,M
823146,M
101471,M
885743,M
549411,M
638539,M
457248,M
229418,M
693935,M
721788,M
954910,M
192716,M
909277,M
117908,M
120621,M
492156,M
763981,M
460178,M
588903,M
208457,M
269453,M
612581,M
901427,M
857342,M
430621,M
431212,M
946582,M
474196,M
903204,M
289646,M
454604,M
881679,M
184998,M
485021,M
835109,M
122191,M
991280,M
273786,M
775251,M
735529,M
759802,M
476105,M
169393,M
400263,M
845796,M
835517,M
716137,M
603154,M
509534,M
574651,M
427455,M
916360,M
576104,M
158695,M
744516,M
362992,M
162745,M
290135,M
191956,M
843332,M
467029,M
207611,M
212613,M
653700,M
906495,M
199871,M
567527,M
332540,M
899160,M
759553,M
794142,M
187808,M
488931,M
250229,M
747059,M
757284,M
379539,M
407984,M
708109,M
102212,M
456732,M
568978,M
306081,M
301172,M
311733,M
295230,M
443352,M
780174,M
964261,M
772148,M
620684,M
521155,M
195879,M
239375,M
198079,M
873682,M
610535,M
779917,M
618422,M
296029,M
492814,M
621760,M
887441,M
295095,M
235472,M
795272,M
855446,M
536612,M
951466,M
847871,M
856531,M
310637,M
350251,M
434047,M
828476,M
566247,M
443673,M
821651,M
966991,M
219101,M
681397,M
823967,M
848716,M
562190,M
243368,M
299007,M
334985,M
110624,M
350764,M
608863,M
155362,M
235157,M
833605,M
243971,M
783481,M
781325,M
773755,M
264389,M
826759,M
123770,M
545390,M
329688,M
540880,M
840331,M
556465,M
370383,M
814113,M
691351,M
206865,M
720779,M
246856,M
956086,M
555200,M
515033,M
577842,M
691230,M
769784,M
657261,M
262299,M
153726,M
526710,M
682664,M
895090,M
385692,M
560347,M
982779,M
811539,M
695242,M
892733,M
152287,M
104137,M
514595,M
376034,M
581453,M
967344,M
375830,M
281803,M
493075,M
309088,M
375469,M
338707,M
166063,M
256435,M
199202,M
243534,M
414586,M
249518,M
389075,M
966835,M
322823,M
668561,M
520677,M
901399,M
403325,M
660146,M
797405,M
817836,M
846720,M
973149,M
148674,M
510494,M
865001,M
984726,M
268291,M
810608,M
425740,M
729456,M
986940,M
792960,M
960734,M
612148,M
367521,M
692252,M
934853,M
565716,M
525322,M
491295,M
159804,M
113240,M
153122,M
889225,M
549560,M
853123,M
193544,M
457615,M
963374,M
353321,M
218280,M
991970,M
742024,M
931094,M
925831,M
526514,M
656156,M
760087,M
634792,M
123451,M
712401,M
880354,M
736444,M
491383,M
508150,M
554023,M
400535,M
564717,M
404853,M
954985,M
984566,M
179266,M
801046,M
226885,M
936988,M
894176,M
702297,M
743676,M
390346,M
519708,M
237182,M
178874,M
251467,M
240466,M
438758,M
765011,M
324532,M
518713,M
658012,M
255116,M
374870,M
426499,M
123361,M
486500,M
303093,M
744720,M
565121,M
518482,M
878490,M
959328,M
490830,M
671880,M
168694,M
145491,M
222968,M
667817,M
834516,M
566588,M
487045,M
622325,M
313749,M
794714,M
727358,M
392491,M
715615,M
195751,M
454761,M
488051,M
722238,M
134981,M
560690,M
824001,M
163205,M
372969,M
380544,M
419932,M
942934,M
775239,M
354724,M
758007,M
803985,M
801765,M
477818,M
899076,M
160858,M
861723,M
413155,M
794747,M
119021,M
132603,M
886135,M
345260,M
747785,M
901000,M
818605,M
152364,M
354625,M
174685,M
228800,M
267126,M
176764,M
165456,M
684048,M
429427,M
716510,M
105961,M
185426,M
916120,M
715333,M
330897,M
617127,M
943047,M
752978,M
642767,M
428919,M
934528,M
679525,M
328096,M
762704,M
431910,M
724510,M
682525,M
343201,M
801066,M
810230,M
917062,M
534057,M
700808,M
514126,M
385144,M
789870,M
242688,M
241496,M
916229,M
704361,M
464118,M
549024,M
778143,M
787837,M
748160,M
478565,M
140593,M
741033,M
657942,M
107496,M
451812,M
912619,M
249802,M
272773,M
728039,M
616786,M
717622,M
944481,M
759406,M
170376,M
573546,M
865869,M
752306,M
518045,M
699638,M
697517,M
535218,M
704957,M
278549,M
240026,M
784624,M
766102,M
105989,M
565093,M
192791,M
227703,M
458838,M
756883,M
390902,M
739683,M
592099,M
530357,M
503949,M
341621,M
611443,M
322430,M
928057,M
580731,M
348793,M
877698,M
373494,M
119597,M
637128,M
265467,M
285278,M
756508,M
979328,M
399118,M
165996,M
848849,M
328649,M
788139,M
921354,M
897956,M
551300,M
840132,M
705485,M
429553,M
192356,M
464333,M
134770,M
608626,M
536071,M
700208,M
358897,M
729230,M
557978,M
454699,M
459906,M
597308,M
298173,M
237465,M
978848,M
968188,M
586133,M
158940,M
668893,M
832962,M
531472,M
882455,M
268168,M
933247,M
941624,M
978416,M
374360,M
580071,M
742425,M
890464,M
517951,M
155051,M
954312,M
313322,M
118368,M
264653,M
839567,M
936936,M
165979,M
801564,M
175265,M
593963,M
569698,M
411579,M
367181,M
723930,M
342188,M
640117,M
942294,M
192042,M
417064,M
740702,M
475517,M
228614,M
899590,M
545171,M
881876,M
618257,M
493560,M
873912,M
874106,M
255190,M
629009,M
122586,M
496507,M
689595,M
354179,M
366706,M
943207,M
218896,M
904101,M
572658,M
269852,M
286902,M
437431,M
201081,M
316566,M
953402,M
379689,M
706789,M
514273,M
945922,M
179395,M
940258,M
156743,M
371838,M
756753,M
655169,M
994674,M
631175,M
869278,M
505853,M
547805,M
831870,M
327272,M
666647,M
985687,M
147653,M
975658,M
818184,M
161894,M
126879,M
169579,M
826194,M
636566,M
473820,M
187158,M
919698,M
832374,M
656365,M
644426,M
405356,M
978097,M
220524,M
830888,M
399978,M
332205,M
709195,M
468218,M
649954,M
483087,M
916803,M
341479,M
146450,M
466875,M
712661,M
580357,M
787491,M
205848,M
534452,M
528528,M
170960,M
591383,M
526901,M
747438,M
420152,M
533174,M
898426,M
726630,M
817664,M
106549,M
684528,M
961094,M
980760,M
288789,M
184695,M
750248,M
161937,M
336120,M
739692,M
411245,M
471518,M
953268,M
182811,M
315215,M
897552,M
865803,M
610042,M
335989,M
369132,M
950276,M
945999,M
175046,M
762752,M
578327,M
618164,M
989281,M
935748,M
886605,M
141974,M
798551,M
376972,M
102885,M
560868,M
663777,M
961719,M
934149,M
542188,M
635751,M
844039,M
554107,M
151397,M
687629,M
358002,M
398801,M
453213,M
914849,M
200021,M
724137,M
236058,M
678350,M
758801,M
467669,M
720886,M
659389,M
495812,M
998915,M
272799,M
703918,M
239365,M
919766,M
705668,M
246192,M
371240,M
996974,M
575831,M
446316,M
856078,M
573322,M
247490,M
903783,M
364299,M
983197,M
721655,M
361106,M
984340,M
737760,M
417720,M
436778,M
190224,M
489573,M
989259,M
618464,M
191516,M
173797,M
852127,M
407542,M
283186,M
501660,M
399975,M
154180,M
162222,M
559302,M
295710,M
320717,M
662002,M
752136,M
689346,M
594835,M
200386,M
741137,M
433953,M
380889,M
555783,M
518814,M
176887,M
119539,M
131196,M
461688,M
533698,M
455659,M
925607,M
197276,M
797075,M
985593,M
456119,M
735396,M
694624,M
261888,M
746878,M
904479,M
506980,M
566811,M
334850,M
649649,M
158010,M
276870,M
864280,M
816525,M
457282,M
896669,M
417124,M
152525,M
387461,M
894292,M
562985,M
106817,M
135793,M
962170,M
293057,M
677383,M
617654,M
459782,M
861047,M
687578,M
974722,M
267421,M
858665,M
721121,M
156208,M
220156,M
505013,M
710509,M
245670,M
523558,M
540674,M
200628,M
738035,M
696679,M
556205,M
162270,M
621455,M
496341,M
795991,M
242524,M
870860,M
554049,M
992234,M
398458,M
887260,M
266795,M
590783,M
936703,M
517932,M
784917,M
425434,M
225081,M
143177,M
752191,M
220718,M
414495,M
974015,M
120671,M
874433,M
276442,M
761906,M
278305,M
506701,M
828508,M
507727,M
326719,M
806460,M
985798,M
981676,M
933673,M
942418,M
416128,M
182589,M
103585,M
285942,M
792122,M
381511,M
631711,M
127649,M
441620,M
311335,M
260962,M
842540,M
808111,M
436833,M
686466,M
440212,M
298964,M
914156,M
545261,M
501396,M
187791,M
282698,M
105902,M
650027,M
873277,M
678585,M
452299,M
716920,M
815823,M
601568,M
206884,M
149433,M
706086,M
664755,M
353264,M
864007,M
999987,M
277905,M
646235,M
930834,M
898575,M
822759,M
970339,M
824193,M
318291,M
219769,M
995051,M
619638,M
138410,M
291374,M
603992,M
635549,M
391898,M
932806,M
291258,M
545265,M
543441,M
393918,M
294878,M
604379,M
935334,M
589332,M
409469,M
719414,M
712122,M
333365,M
630423,M
581734,M
108683,M
575173,M
371727,M
725714,M
910756,M
273798,M
416731,M
101241,M
816521,M
472547,M
942007,M
670016,M
341187,M
964780,M
359872,M
237812,M
669611,M
427042,M
475049,M
493573,M
845235,M
258550,M
844269,M
555418,M
575948,M
353014,M
840046,M
299773,M
583132,M
388602,M
296630,M
503017,M
119604,M
286021,M
246305,M
759232,M
503244,M
329339,M
509341,M
763079,M
978497,M
244332,M
182311,M
109419,M
954575,M
195065,M
803635,M
600411,M
678162,M
176734,M
835676,M
153588,M
317500,M
414278,M
330143,M
213550,M
820848,M
616890,M
306957,M
922214,M
718780,M
657294,M
433968,M
386380,M
183682,M
536690,M
833109,M
171340,M
121103,M
621939,M
276817,M
533302,M
595612,M
991982,M
840259,M
846335,M
475766,M
792997,M
504141,M
242614,M
601877,M
499232,M
732774,M
677048,M
832116,M
313960,M
816186,M
367497,M
622804,M
383505,M
402318,M
403897,M
694785,M
791672,M
773114,M
439893,M
813378,M
862995,M
616908,M
329262,M
779977,M
200620,M
755115,M
809349,M
354437,M
592188,M
659225,M
636880,M
113847,M
561318,M
516852,M
424986,M
209999,M
676141,M
563532,M
836907,M
555129,M
872581,M
587648,M
187499,M
511681,M
556746,M
152980,M
705807,M
241319,M
598268,M
837298,M
823410,M
356343,M
410265,M
579757,M
769182,M
891937,M
140449,M
105661,M
959508,M
609327,M
491896,M
256563,M
441456,M
892312,M
490505,M
253346,M
948501,M
530552,M
175786,M
496065,M
219038,M
928655,M
613016,M
334205,M
980903,M
199934,M
902666,M
229359,M
613701,M
731117,M
912717,M
481989,M
408918,M
994982,M
669250,M
206223,M
331187,M
573655,M
641028,M
901948,M
496614,M
221978,M
887767,M
482938,M
436992,M
304490,M
202832,M
841453,M
780669,M
398784,M
136886,M
240278,M
978720,M
277528,M
137313,M
270857,M
607714,M
881794,M
439460,M
775319,M
160379,M
450548,M
835074,M
386054,M
123678,M
365334,M
997717,M
270003,M
197353,M
814107,M
239211,M
845291,M
129474,M
394723,M
128956,M
290217,M
439556,M
502262,M
687518,M
990012,M
203405,M
151024,M
927305,M
763491,M
701231,M
365518,M
411985,M
371966,M
881340,M
399537,M
961283,M
376885,M
364034,M
329027,M
876104,M
734765,M
492011,M
345318,M
773220,M
637048,M
923927,M
819312,M
289052,M
227752,M
894813,M
321070,M
705163,M
834311,M
442655,M
593399,M
481906,M
241776,M
158502,M
800130,M
649640,M
774609,M
404700,M
272187,M
898951,M
513871,M
827588,M
396482,M
746773,M
578779,M
664968,M
853507,M
863656,M
612766,M
598959,M
874283,M
919255,M
404164,M
303515,M
329414,M
441545,M
940115,M
981860,M
182904,M
134439,M
556126,M
109834,M
178426,M
133587,M
697389,M
148561,M
282989,M
325988,M
821532,M
517692,M
834284,M
530904,M
713995,M
327629,M
509267,M
464841,M
178989,M
944351,M
255758,M
371270,M
606133,M
704948,M
926331,M
183212,M
301753,M
657111,M
852781,M
906754,M
490514,M
506302,M
173791,M
715906,M
580586,M
657388,M
794547,M
768356,M
110162,M
747811,M
781059,M
211079,M
752192,M
533898,M
961768,M
187346,M
247656,M
762922,M
213317,M
253327,M
568663,M
991375,M
696567,M
986533,M
778320,M
334982,M
357559,M
114753,M
800317,M
182652,M
648603,M
538865,M
497790,M
705030,M
458254,M
612093,M
635864,M
947873,M
240930,M
714496,M
579080,M
684440,M
108744,M
996484,M
326316,M
280840,M
716631,M
961017,M
283277,M
845301,M
147525,M
942298,M
590730,M
424078,M
616044,M
176292,M
372351,M
982701,M
705000,M
478559,M
455066,M
978797,M
746505,M
809486,M
232650,M
455120,M
382023,M
636577,M
764608,M
207451,M
624695,M
987718,M
313038,M
623809,M
437844,M
954125,M
681293,M
294884,M
578893,M
135444,M
333155,M
350454,M
539088,M
348898,M
350657,M
392183,M
602128,M
737775,M
390115,M
296356,M
805877,M
486051,M
545165,M
570308,M
973817,M
252868,M
137918,M
635480,M
400357,M
713542,M
803825,M
524096,M
640041,M
869542,M
622953,M
522204,M
206402,M
200302,M
796116,M
591894,M
499274,M
180083,M
810956,M
882545,M
513294,M
649873,M
652536,M
744979,M
350909,M
750612,M
627271,M
885683,M
880150,M
503592,M
231162,M
640854,M
449730,M
415538,M
500889,M
249959,M
801143,M
581578,M
270919,M
316485,M
654823,M
856987,M
946608,M
384022,M
912882,M
485079,M
186376,M
204344,M
129826,M
235950,M
321498,M
883041,M
321882,M
444160,M
833875,M
947316,M
899937,M
315881,M
740502,M
879900,M
444115,M
197382,M
687384,M
413272,M
339043,M
794625,M
943217,M
670641,M
245263,M
142069,M
621664,M
614445,M
487661,M
262297,M
659522,M
455277,M
163904,M
114845,M
618540,M
370048,M
410656,M
810018,M
177109,M
461375,M
832448,M
968745,M
463995,M
116554,M
537874,M
523043,M
256051,M
607343,M
508861,M
807730,M
789656,M
440791,M
103740,M
348408,M
587199,M
937278,M
993410,M
894776,M
525516,M
373836,M
918805,M
710739,M
323245,M
491925,M
868712,M
674914,M
850590,M
150680,M
471159,M
259031,M
728727,M
676200,M
683955,M
440381,M
457722,M
668328,M
196133,M
460544,M
728908,M
686583,M
104280,M
771790,M
578396,M
855690,M
955212,M
287953,M
801633,M
597220,M
140392,M
770975,M
700941,M
989332,M
355610,M
793841,M
229965,M
906062,M
439664,M
121618,M
734625,M
233619,M
264080,M
160752,M
828526,M
615016,M
803534,M
358515,M
405938,M
261568,M
650162,M
976034,M
116244,M
630106,M
282807,M
120013,M
770718,M
483341,M
492813,M
280404,M
327698,M
814836,M
731316,M
871978,M
714852,M
896415,M
965664,M
327595,M
931919,M
439792,M
306908,M
995902,M
721842,M
162130,M
182229,M
470146,M
881996,M
205468,M
968383,M
775139,M
536030,M
157636,M
576516,M
411742,M
855116,M
868168,M
298570,M
253338,M
221736,M
728711,M
245583,M
319830,M
689664,M
227132,M
575905,M
993310,M
904469,M
387824,M
295951,M
421898,M
856836,M
801157,M
212725,M
119999,M
836638,M
787434,M
376882,M
543690,M
385068,M
890030,M
629917,M
937196,M
755364,M
316794,M
883195,M
848400,M
499113,M
287427,M
236009,M
696048,M
509019,M
229852,M
175060,M
900406,M
290653,M
687374,M
393288,M
618463,M
124623,M
642303,M
829683,M
661477,M
831345,M
643820,M
123665,M
999314,M
971525,M
959913,M
434645,M
334729,M
833912,M
957156,M
988992,M
759869,M
244086,M
509904,M
284984,M
408054,M
887457,M
881020,M
669661,M
352717,M
550177,M
446627,M
864604,M
892624,M
417659,M
284584,M
513839,M
575351,M
320518,M
275487,M
755619,M
858222,M
250608,M
782361,M
978688,M
880352,M
594993,M
517636,M
114266,M
108361,M
325158,M
184875,M
629502,M
587530,M
791308,M
127398,M
351522,M
706569,M
535111,M
513064,M
664862,M
642245,M
732379,M
476179,M
251476,M
644339,M
708550,M
973983,M
157748,M
444072,M
225556,M
550710,M
429201,M
771713,M
439027,M
993935,M
215285,M
952141,M
580723,M
973606,M
849453,M
571522,M
330916,M
865416,M
794081,M
560942,M
326222,M
132727,M
474018,M
708655,M
281126,M
380336,M
202966,M
694176,M
796240,M
418442,M
603553,M
801394,M
320110,M
580844,M
586891,M
651778,M
568637,M
137469,M
420766,M
858279,M
780687,M
330647,M
412470,M
180182,M
211635,M
451558,M
295797,M
844136,M
293968,M
883111,M
990670,M
513791,M
169611,M
115698,M
398965,M
835930,M
537399,M
247172,M
228880,M
659644,M
497360,M
425105,M
785901,M
526686,M
804686,M
616465,M
865934,M
767011,M
359353,M
599349,M
557118,M
433435,M
132303,M
384414,M
749456,M
720506,M
155703,M
347121,M
185550,M
990827,M
730369,M
192739,M
959334,M
235935,M
517747,M
130266,M
576185,M
733581,M
529504,M
353330,M
870879,M
695414,M
805932,M
653209,M
113820,M
868798,M
380953,M
867008,M
174142,M
867582,M
474191,M
190173,M
777036,M
306683,M
156631,M
631304,M
665302,M
781067,M
591755,M
951288,M
996838,M
308362,M
834021,M
670789,M
886151,M
894136,M
277602,M
667721,M
119705,M
426632,M
483971,M
545804,M
522797,M
502150,M
418143,M
166160,M
210492,M
163598,M
280205,M
330706,M
116185,M
478696,M
565570,M
970267,M
801577,M
495904,M
443599,M
588550,M
423279,M
857340,M
520954,M
918429,M
609828,M
222437,M
212234,M
599721,M
554288,M
173130,M
843176,M
593611,M
475261,M
284429,M
391260,M
713033,M
959929,M
235800,M
519351,M
789042,M
752137,M
395667,M
858086,M
350293,M
951247,M
766720,M
120929,M
679805,M
620840,M
469705,M
250520,M
273013,M
203999,M
531945,M
406670,M
130620,M
628255,M
697929,M
628243,M
498501,M
239249,M
252028,M
285399,M
934112,M
765777,M
393691,M
917999,M
152353,M
741726,M
194341,M
913927,M
853181,M
264071,M
516940,M
111037,M
206553,M
189990,M
691336,M
821153,M
367156,M
564339,M
276873,M
489549,M
566711,M
531491,M
454275,M
566180,M
785299,M
181389,M
979242,M
673442,M
544764,M
657052,M
807542,M
733519,M
534814,M
322894,M
952231,M
904681,M
392134,M
487071,M
187218,M
212145,M
703583,M
274892,M
277293,M
188140,M
435569,M
516559,M
299185,M
674064,M
300273,M
345154,M
374132,M
982321,M
775108,M
755098,M
392558,M
853634,M
939138,M
513519,M
245932,M
295783,M
542658,M
287917,M
611702,M
491715,M
872187,M
512482,M
446363,M
465968,M
903937,M
994865,M
380026,M
982381,M
395211,M
104363,M
109320,M
990472,M
208903,M
470701,M
266802,M
666766,M
994301,M
518639,M
286517,M
435444,M
692359,M
999235,M
522218,M
259804,M
526933,M
433077,M
683013,M
955187,M
141627,M
849591,M
881989,M
330464,M
362883,M
176636,M
401105,M
794220,M
552387,M
444785,M
453471,M
522177,M
673095,M
470267,M
770198,M
610357,M
726689,M
360163,M
872215,M
228010,M
811052,M
347474,M
279243,M
345566,M
607737,M
190409,M
973022,M
506737,M
258677,M
668019,M
783098,M
772349,M
615482,M
872103,M
396851,M
791536,M
877038,M
635895,M
362493,M
374993,M
418566,M
277055,M
506011,M
809641,M
805460,M
898278,M
940594,M
740182,M
168020,M
877709,M
402850,M
152595,M
159508,M
430369,M
276098,M
441376,M
312475,M
238880,M
369761,M
220273,M
175694,M
644293,M
557993,M
276409,M
698127,M
834809,M
319889,M
447327,M
946309,M
949971,M
706881,M
880409,M
662229,M
278732,M
575859,M
106366,M
952115,M
656541,M
399445,M
919663,M
310129,M
419733,M
765824,M
566044,M
834191,M
228760,M
247784,M
557810,M
444656,M
616777,M
116229,M
500567,M
470327,M
474929,M
680465,M
568849,M
951250,M
992535,M
932558,M
463461,M
752034,M
673579,M
957195,M
170768,M
901171,M
833541,M
581317,M
287727,M
613353,M
720931,M
255070,M
541084,M
899175,M
392533,M
740039,M
574105,M
686553,M
490121,M
740411,M
869893,M
339340,M
681569,M
124912,M
265285,M
147864,M
127238,M
971459,M
490091,M
327913,M
138329,M
814455,M
680689,M
966772,M
515913,M
674590,M
231035,M
204463,M
238330,M
156860,M
676419,M
230756,M
435886,M
165665,M
908799,M
132893,M
230834,M
611070,M
914906,M
982804,M
132744,M
443970,M
544494,M
210694,M
778392,M
140767,M
173706,M
420788,M
880781,M
221712,M
907201,M
232113,M
147748,M
673727,M
247203,M
265547,M
118294,M
230994,M
873036,M
165223,M
603161,M
550551,M
893363,M
348938,M
734640,M
970503,M
633471,M
856988,M
206507,M
780349,M
880396,M
661720,M
420012,M
295286,M
443206,M
851562,M
648207,M
788151,M
394333,M
176526,M
644833,M
213586,M
779948,M
266531,M
979714,M
762989,M
327664,M
903275,M
124391,M
149679,M
781091,M
335390,M
914770,M
720645,M
172786,M
589762,M
950716,M
772493,M
481738,M
835592,M
803794,M
565648,M
107650,M
455363,M
306399,M
684656,M
325423,M
776431,M
178110,M
982914,M
915878,M
212270,M
266017,M
457366,M
853220,M
276408,M
847641,M
510968,M
967077,M
607171,M
806302,M
211850,M
373814,M
921964,M
322319,M
207775,M
149076,M
629076,M
920218,M
218800,M
588725,M
400122,M
528889,M
851045,M
210256,M
182629,M
839762,M
641794,M
863982,M
564930,M
576523,M
341791,M
504458,M
335999,M
987455,M
374335,M
856571,M
545924,M
343831,M
638779,M
274645,M
476290,M
894618,M
500428,M
327576,M
309813,M
252610,M
561728,M
794299,M
761602,M
341057,M
469413,M
358113,M
454646,M
301451,M
653764,M
356148,M
712364,M
978536,M
347792,M
205644,M
940749,M
303435,M
108515,M
231643,M
114033,M
366379,M
926794,M
689566,M
732963,M
520450,M
760600,M
334020,M
410192,M
415641,M
759604,M
383630,M
125604,M
842975,M
675098,M
298285,M
829134,M
634244,M
570249,M
466248,M
764273,M
671333,M
490971,M
638554,M
142843,M
806452,M
293002,M
367955,M
358136,M
438466,M
237894,M
658657,M
960448,M
487053,M
426925,M
555278,M
529251,M
285562,M
717466,M
882364,M
840633,M
641030,M
191748,M
649045,M
167217,M
610855,M
242227,M
440260,M
659718,M
340874,M
652650,M
119683,M
161981,M
552115,M
723830,M
736134,M
230636,M
515712,M
751245,M
407139,M
326209,M
284957,M
319379,M
281725,M
954285,M
301778,M
633369,M
944478,M
971571,M
540669,M
911819,M
722154,M
619701,M
633678,M
145379,M
164848,M
617493,M
942869,M
287198,M
894320,M
326269,M
208323,M
442535,M
982630,M
893660,M
353883,M
496627,M
378494,M
901498,M
272341,M
152814,M
241664,M
550435,M
153311,M
898201,M
501123,M
899013,M
658499,M
410126,M
529575,M
140797,M
903478,M
415904,M
488006,M
153873,M
825210,M
852246,M
506920,M
733033,M
124263,M
302222,M
700898,M
721717,M
791912,M
484509,M
832333,M
589056,M
378005,M
631640,M
821101,M
682023,M
710650,M
376273,M
693162,M
553357,M
755697,M
234213,M
355559,M
847016,M
721248,M
184084,M
228984,M
583352,M
987565,M
958899,M
671628,M
443320,M
471756,M
896103,M
554665,M
196377,M
187650,M
250756,M
315632,M
375756,M
683212,M
747283,M
158416,M
282625,M
563553,M
585197,M
464410,M
366908,M
703490,M
548025,M
301496,M
138140,M
113350,M
392083,M
475825,M
566371,M
740457,M
354796,M
780281,M
616893,M
513387,M
859193,M
157405,M
516881,M
258602,M
586954,M
430596,M
362477,M
239988,M
628268,M
346189,M
722350,M
642216,M
365439,M
196329,M
897856,M
549020,M
576173,M
212175,M
830370,M
846374,M
227386,M
284941,M
652324,M
291291,M
135812,M
254527,M
756773,M
320973,M
546484,M
792805,M
273136,M
748799,M
398672,M
271317,M
904987,M
525315,M
761997,M
308106,M
529503,M
527909,M
264877,M
915085,M
942924,M
281048,M
250007,M
478835,M
133015,M
932839,M
847555,M
128975,M
612695,M
738975,M
895639,M
568679,M
810640,M
774368,M
930605,M
969498,M
737208,M
138889,M
402118,M
851148,M
719349,M
987702,M
835163,M
342259,M
694635,M
708674,M
158249,M
869739,M
424443,M
470318,M
664366,M
608090,M
591732,M
710853,M
911251,M
175193,M
855833,M
419745,M
216648,M
734736,M
840248,M
873536,M
451272,M
269010,M
538082,M
845329,M
830220,M
557489,M
746959,M
910775,M
127635,M
145695,M
338606,M
914733,M
489799,M
591590,M
884889,M
278874,M
847117,M
298097,M
193966,M
710218,M
771030,M
524423,M
412824,M
906460,M
198558,M
263553,M
244695,M
806539,M
220974,M
727384,M
613163,M
192118,M
454532,M
731313,M
512422,M
771466,M
950898,M
700683,M
155901,M
995041,M
813487,M
115128,M
947446,M
326983,M
498431,M
660491,M
610680,M
364974,M
149963,M
391595,M
724433,M
360382,M
360419,M
368457,M
746921,M
346944,M
250615,M
345012,M
793685,M
314312,M
547869,M
604429,M
399592,M
794615,M
931270,M
689772,M
577701,M
173108,M
435902,M
745205,M
602643,M
542934,M
200355,M
594652,M
539354,M
222563,M
747735,M
597148,M
492293,M
815894,M
963596,M
543780,M
266870,M
567799,M
288644,M
276939,M
858743,M
884152,M
295386,M
933467,M
800099,M
654055,M
273887,M
959538,M
812617,M
212832,M
495902,M
300584,M
619357,M
571487,M
998635,M
207101,M
842695,M
945285,M
866438,M
544259,M
508577,M
103244,M
164430,M
306519,M
883140,M
419270,M
347872,M
551215,M
150865,M
243948,M
444216,M
354340,M
771445,M
730974,M
212012,M
386243,M
148992,M
873412,M
672684,M
953211,M
609100,M
879380,M
328321,M
923437,M
321826,M
145261,M
828412,M
997457,M
661116,M
346905,M
854585,M
571536,M
219503,M
643199,M
950788,M
136538,M
165743,M
252924,M
282843,M
655982,M
188742,M
112577,M
527596,M
211326,M
620936,M
480967,M
264940,M
620081,M
265147,M
686179,M
419341,M
515429,M
948632,M
365716,M
260568,M
843973,M
951134,M
676502,M
401233,M
846778,M
280011,M
914090,M
467312,M
889516,M
721729,M
519362,M
653835,M
964722,M
587961,M
135049,M
829418,M
198917,M
671679,M
136465,M
493335,M
205059,M
668863,M
942589,M
502054,M
740316,M
503192,M
160941,M
468595,M
719884,M
499220,M
414260,M
250033,M
758915,M
879549,M
864562,M
328005,M
819566,M
847830,M
375002,M
836789,M
155959,M
822541,M
493325,M
872670,M
325062,M
686276,M
145735,M
707391,M
927654,M
360709,M
498136,M
213849,M
455205,M
919340,M
267383,M
322708,M
652073,M
792002,M
469827,M
199297,M
538705,M
207559,M
567089,M
234525,M
964173,M
459863,M
946857,M
680475,M
644352,M
781206,M
750182,M
996572,M
356645,M
556442,M
171869,M
503668,M
160594,M
821132,M
929060,M
841517,M
658330,M
721623,M
579816,M
806185,M
341565,M
301515,M
750070,M
434160,M
933066,M
249231,M
775154,M
344908,M
786403,M
907573,M
437268,M
625223,M
265854,M
375988,M
540130,M
455009,M
628799,M
785395,M
915093,M
643367,M
692822,M
403331,M
555188,M
348936,M
280366,M
495712,M
158469,M
706335,M
668450,M
980807,M
664255,M
778769,M
367825,M
909568,M
178829,M
597884,M
586631,M
870874,M
748486,M
394220,M
186639,M
169201,M
912344,M
753442,M
235629,M
558995,M
218869,M
434148,M
757660,M
337586,M
295800,M
470085,M
634084,M
424971,M
780857,M
251713,M
317918,M
277820,M
168945,M
250428,M
685243,M
375989,M
164154,M
808985,M
150180,M
395801,M
224386,M
416038,M
282857,M
387335,M
290942,M
290446,M
430074,M
584105,M
103349,M
321570,M
230095,M
927606,M
931139,M
813327,M
911063,M
854425,M
187145,M
784576,M
557679,M
568413,M
258227,M
341511,M
776061,M
777828,M
468358,M
830525,M
837908,M
939869,M
300971,M
303133,M
625826,M
460534,M
943623,M
708904,M
886040,M
651672,M
590330,M
878007,M
345845,M
652353,M
907586,M
442503,M
315679,M
787648,M
210956,M
164389,M
157179,M
734369,M
416805,M
436126,M
964547,M
618584,M
612142,M
441309,M
417179,M
451416,M
564523,M
844912,M
397726,M
470748,M
580335,M
823116,M
185462,M
702436,M
480347,M
656721,M
493569,M
889143,M
687619,M
222046,M
518215,M
218341,M
829035,M
511373,M
908887,M
377435,M
913889,M
410404,M
838920,M
716350,M
561222,M
688122,M
714109,M
937277,M
443089,M
313575,M
549634,M
389117,M
911196,M
362028,M
800533,M
415366,M
363404,M
637286,M
665217,M
800783,M
573243,M
530871,M
551032,M
928135,M
302049,M
527782,M
939229,M
540690,M
438764,M
887185,M
278018,M
185762,M
829379,M
973143,M
979910,M
978297,M
210677,M
552492,M
583846,M
213788,M
572602,M
273235,M
150166,M
655158,M
341337,M
590602,M
883934,M
356552,M
794854,M
883245,M
381620,M
452193,M
818679,M
160027,M
828463,M
748338,M
129521,M
226157,M
618227,M
747019,M
757750,M
322665,M
318645,M
892048,M
633867,M
747550,M
534458,M
963074,M
362212,M
262351,M
481845,M
284934,M
121672,M
391067,M
705411,M
394132,M
118897,M
130472,M
568285,M
918988,M
761764,M
503047,M
477451,M
463738,M
945564,M
335230,M
218427,M
647862,M
773295,M
842636,M
746091,M
470240,M
439370,M
198734,M
916396,M
787007,M
955058,M
337282,M
969733,M
357855,M
637743,M
838182,M
603280,M
290330,M
797125,M
868431,M
208212,M
161045,M
273874,M
528649,M
240454,M
794534,M
869461,M
120567,M
598577,M
443205,M
584463,M
631480,M
842688,M
128426,M
387192,M
317026,M
409910,M
343320,M
359664,M
846349,M
133044,M
299831,M
341251,M
181696,M
513667,M
130341,M
331636,M
151730,M
907825,M
569818,M
426609,M
353981,M
549391,M
983264,M
488917,M
740442,M
310462,M
260237,M
953795,M
115865,M
140742,M
209677,M
753872,M
425489,M
169903,M
970878,M
616799,M
538587,M
828115,M
289112,M
621207,M
680114,M
997838,M
533602,M
861703,M
871102,M
276885,M
697823,M
500866,M
479740,M
845077,M
477731,M
957242,M
396115,M
259740,M
579520,M
430475,M
630887,M
828187,M
239836,M
219333,M
481450,M
985346,M
654411,M
761465,M
984997,M
192679,M
168925,M
379433,M
741242,M
879455,M
219068,M
547848,M
978326,M
683179,M
853673,M
593124,M
748238,M
993280,M
355518,K
725873,K
158258,K
537708,K
182274,K
339308,K
364931,K
267584,K
260454,K
948708,K
188561,K
267935,K
849567,K
431302,K
392982,K
627979,K
724233,K
426463,K
434816,K
288606,K
971845,K
588751,K
857580,K
110638,K
821506,K
861111,K
794963,K
518823,K
700951,K
559566,K
248873,K
423810,K
569162,K
949269,K
174916,K
376353,K
395647,K
541857,K
797035,K
615642,K
728221,K
891330,K
593778,K
804578,K
405365,K
141719,K
778681,K
516474,K
550573,K
564581,K
122211,K
453299,K
282101,K
969136,K
652154,K
484750,K
498131,K
660187,K
483397,K
159101,K
276614,K
104932,K
479160,K
271518,K
337802,K
372726,K
995529,K
406465,K
298446,K
118204,K
658553,K
394551,K
243556,K
400782,K
669397,K
930755,K
584647,K
964913,K
491296,K
810170,K
394955,K
732410,K
364641,K
662325,K
855622,K
922423,K
929791,K
758243,K
417861,K
973219,K
353209,K
203264,K
286622,K
429708,K
360747,K
356127,K
471877,K
788927,K
795853,K
942420,K
906084,K
996938,K
166945,K
650590,K
279928,K
321947,K
372565,K
887745,K
216482,K
467309,K
185045,K
988976,K
570795,K
988244,K
426038,K
449795,K
832690,K
761901,K
823641,K
330056,K
345735,K
244924,K
377647,K
627842,K
334510,K
683317,K
639701,K
150852,K
319174,K
407732,K
672730,K
676574,K
342319,K
227960,K
686321,K
104451,K
489691,K
531864,K
826669,K
604705,K
368851,K
107656,K
463524,K
623045,K
224493,K
195579,K
525672,K
696695,K
757327,K
895843,K
818220,K
681040,K
347891,K
146079,K
269678,K
865065,K
191094,K
495240,K
903874,K
290538,K
276416,K
763061,K
207601,K
847760,K
112913,K
465153,K
755216,K
763657,K
131193,K
555111,K
965615,K
976900,K
206410,K
222636,K
113372,K
394486,K
931436,K
967231,K
932120,K
346567,K
574109,K
234347,K
971085,K
750341,K
714407,K
315735,K
675188,K
417078,K
121089,K
949259,K
996369,K
974084,K
258713,K
310597,K
678511,K
486329,K
316394,K
516893,K
149031,K
204128,K
853383,K
898840,K
472385,K
225732,K
223702,K
922514,K
299100,K
342451,K
545589,K
962549,K
367507,K
768182,K
838034,K
797433,K
900963,K
395918,K
790077,K
292225,K
952075,K
930337,K
221349,K
348923,K
375407,K
118764,K
489166,K
104666,K
784390,K
720389,K
760751,K
951446,K
511138,K
961125,K
254550,K
789651,K
378753,K
611480,K
910803,K
931000,K
175090,K
435960,K
340372,K
319040,K
910878,K
943584,K
811213,K
583886,K
967732,K
214681,K
466237,K
513858,K
936906,K
594790,K
132059,K
552333,K
378788,K
491653,K
481216,K
473294,K
935202,K
354101,K
565757,K
286502,K
664825,K
799183,K
294224,K
335311,K
361904,K
983505,K
900965,K
576923,K
559307,K
194475,K
814880,K
578980,K
515321,K
274019,K
323975,K
501410,K
893553,K
784751,K
140019,K
313097,K
103943,K
925652,K
422681,K
263988,K
783725,K
423478,K
877138,K
985916,K
364884,K
796880,K
805313,K
966605,K
949756,K
862853,K
757765,K
934237,K
696190,K
660695,K
832513,K
117838,K
178889,K
191783,K
849131,K
970307,K
841625,K
426876,K
679516,K
209784,K
326690,K
450984,K
430995,K
207509,K
830952,K
719175,K
847419,J
556701,J
955895,J
709712,J
227796,J
490568,J
668453,J
480978,J
880667,J
757582,J
838684,J
605872,J
754257,J
534446,J
274244,J
789578,J
299117,J
532844,J
997009,J
495638,J
477749,J
749402,J
818864,J
540592,J
597665,J
962578,J
383056,J
455280,J
622062,J
130196,J
206059,J
377339,J
937649,J
717580,J
927616,J
142273,J
491461,J
508395,J
447488,J
213944,J
964369,J
727387,J
649542,J
623519,J
735848,J
383683,J
118404,J
223362,J
794444,J
107332,J
142604,J
398160,J
991459,J
732749,J
612009,J
280436,J
404199,J
219746,J
197650,J
821544,J
668315,J
721274,J
220912,J
948377,J
364895,J
934903,J
183832,J
410191,J
390546,J
961146,J
345192,J
219912,J
617086,J
323162,J
703466,J
624728,J
743964,J
550995,J
418864,J
556159,J
111129,J
142580,J
113058,J
753474,J
891757,J
888206,J
279491,J
185763,J
135158,J
891098,J
820398,J
834328,J
590674,J
961319,J
831769,J
210982,J
743611,J
567630,J
284448,J
357995,J
119532,J
881694,J
632671,J
588669,J
134675,J
684372,J
822848,J
710719,J
889510,J
652439,J
970831,J
180690,J
506959,J
985672,J
738208,J
299617,J
656520,J
700595,J
276132,J
603590,J
524897,J
305062,J
769438,J
862648,J
603941,J
958100,J
340655,J
346711,J
860044,J
563232,J
156291,J
635676,J
548754,J
185058,J
989599,J
983246,J
485088,J
412377,J
730223,J
791466,J
521804,J
409375,J
169040,J
145334,J
616487,J
370175,J
626428,J
589202,J
476353,J
195400,J
364887,J
126895,J
682547,J
452285,J
354474,J
249401,J
269708,J
900980,J
722349,J
917037,J
467624,J
796670,J
243236,J
921121,J
842078,J
294323,J
310285,J
403312,J
651540,J
645698,J
717765,J
856054,J
659313,J
528765,J
323479,J
177154,J
312646,J
607813,J
486744,J
582987,J
333921,J
297779,J
401314,J
701096,J
131717,J
275994,J
477252,J
211712,J
778904,J
371440,J
855287,J
963685,J
233177,J
620085,J
305107,J
876603,J
552490,J
341236,J
430408,J
850555,J
262681,J
111510,J
628032,J
242803,J
209225,J
814047,J
917751,J
980409,J
229479,J
956357,J
532359,J
648895,J
900737,J
739236,J
442206,J
111667,J
270721,J
510972,J
297470,J
147556,J
373732,J
568297,J
332002,J
842566,J
840214,J
975143,J
533891,J
801822,J
704890,J
206063,J
238688,J
323092,J
944005,J
557897,J
127803,J
445016,J
552239,J
149063,J
348231,J
718216,J
652911,J
179790,J
274310,J
465910,J
861502,J
267469,J
234619,J
535993,J
949075,J
278478,J
495337,J
465503,J
726342,J
398792,J
425952,J
856985,J
599626,J
761336,J
751877,J
642505,J
655327,J
578581,J
609410,J
747010,J
103488,J
854430,J
675812,J
695013,J
146203,J
967865,J
343422,J
765117,J
944583,J
338423,J
535167,J
193079,J
927427,J
545615,J
877888,J
685087,J
146971,J
102145,J
980560,J
952230,J
732338,J
920950,J
473326,J
267311,J
494264,J
320225,J
328402,J
692536,J
657988,J
721885,J
154627,J
438630,J
620585,J
453562,J
263376,J
316985,J
267298,J
999355,J
633641,J
272195,J
357880,J
497824,J
390580,J
204573,J
640524,J
748049,J
364617,J
395633,J
535010,J
496712,J
244753,J
438224,J
367753,J
618733,J
566810,J
203975,J
741940,J
501721,J
647412,J
241751,J
463706,J
677720,J
592461,J
324850,J
311573,J
348829,J
919062,J
408851,J
551960,J
579791,J
558783,J
584222,J
572378,J
779994,J
505575,J
861077,J
713766,J
905757,J
114174,J
729715,J
802339,J
681211,J
100901,J
499564,J
514457,J
671864,J
434902,J
263333,J
363913,J
105924,J
707035,J
757236,J
390543,J
441109,J
551384,J
410249,J
506037,J
998654,J
317079,J
837774,J
853202,J
235676,J
784575,J
534444,J
292989,J
583977,J
285549,J
808088,J
757670,J
552708,J
334546,J
201135,J
741862,J
280385,J
486824,J
418591,J
213683,J
796360,J
412877,J
634284,J
248813,J
907411,J
816791,J
502558,J
680725,J
803561,J
555229,J
992038,J
380486,J
508438,J
976427,J
224190,J
333580,J
869040,J
442332,J
251907,J
274470,J
719792,J
613355,J
747901,J
355845,J
712141,J
977940,J
435519,J
910680,J
870362,J
450320,J
103477,J
342916,J
301090,J
776295,J
974536,J
634097,J
917635,J
265349,J
486266,J
233874,J
376182,J
931497,J
698064,J
935843,J
895523,J
993908,J
793941,J
593770,J
425838,J
655103,J
581954,J
593357,J
147512,J
977179,J
569206,J
878595,J
390272,J
136253,J
684746,J
939918,J
900787,J
180443,J
716815,J
137415,J
738595,J
645790,J
450102,J
609945,J
636271,J
235378,J
445720,J
791216,J
341386,J
168458,J
647100,J
745299,J
655179,J
391524,J
998026,J
758429,J
173117,J
138941,J
940960,J
418113,J
278437,J
852028,J
874779,J
896603,J
874712,J
653469,J
271742,J
284506,J
714519,J
488775,J
799778,J
971329,J
945217,J
664167,J
787499,J
389336,J
558765,J
399289,J
733074,J
792814,J
624368,J
910889,J
740983,J
342459,J
841176,J
499730,L
997272,L
153270,L
789076,L
766675,I
987907,H
780625,H
784618,D
328055,D
417089,D
105922,D
131969,D
611375,D
555321,D
367623,D
565951,D
829477,D
195028,D
705711,D
965612,D
864624,D
493072,D
927987,D
819374,D
530156,D
600242,D
818807,D
628378,D
632485,D
185814,D
152688,D
402750,D
681892,D
825401,D
479096,D
662990,D
768600,D
429195,D
726709,D
639011,D
902311,D
287694,D
354765,D
546219,D
838503,D
945216,D
436191,D
347486,D
639053,D
756015,D
376916,D
563820,D
155979,D
185233,D
409206,D
282966,D
718939,D
308290,D
315938,D
179843,D
305682,D
987211,D
715254,D
842587,D
737560,D
339303,D
309146,D
972629,D
503582,D
984150,D
827558,D
886455,D
353805,D
704624,D
791896,D
778493,D
547305,D
228334,D
402803,D
203790,D
324262,D
545904,D
811504,D
683609,D
983782,D
287452,D
524130,D
858927,D
312051,D
567392,D
814892,D
220391,D
152225,D
115318,D
128941,D
745918,D
308272,D
488147,D
195161,D
648800,D
454128,D
617892,D
472334,D
323723,D
331275,D
796662,D
564538,D
406116,D
640011,D
782588,D
930338,D
745244,D
305325,D
673564,D
677125,D
680143,D
221972,D
166743,D
771183,D
809932,D
540952,D
762602,D
724682,D
335603,D
875923,D
921836,D
711333,D
406280,D
205860,D
930329,D
537829,D
302694,D
140314,D
987777,D
618995,D
465853,D
362226,D
996029,D
769678,D
150280,D
935181,D
620647,D
449451,D
772766,D
585349,D
311827,D
368416,D
477991,D
524893,D
438721,D
467347,D
658159,D
714914,D
271280,D
975794,D
438177,D
635503,D
307063,D
547729,D
382173,D
462135,D
322254,D
287762,D
840588,D
777419,D
523621,D
908009,D
799602,D
699114,D
389798,D
555481,D
207942,D
455695,D
740299,D
312655,D
790260,D
257283,D
552311,D
534680,D
749022,D
835417,D
125658,D
865881,D
177932,D
741719,D
382948,D
427312,D
571206,D
130568,D
198245,D
389659,D
453703,D
506860,D
326982,D
730478,D
197538,D
721000,D
903135,D
859160,D
562601,D
753850,D
887911,D
524767,D
366045,D
495783,D
629167,D
785881,D
573713,D
642119,D
534853,D
981397,D
408240,D
555600,D
633231,D
190643,D
755379,D
283278,D
535958,D
992628,D
182388,D
923802,D
258173,D
974290,D
433065,D
280592,D
476718,D
322972,D
202362,D
334082,D
177806,D
296244,D
517783,D
253934,D
131556,D
869769,D
352046,D
758728,D
663804,D
625431,D
809935,D
792170,D
335251,D
244163,D
195959,D
358631,D
999765,D
945881,D
895806,D
469713,D
904163,D
271507,D
315533,D
349923,D
516334,D
967616,D
246940,D
876285,D
287832,D
963050,D
215265,D
352338,D
611696,D
719362,D
438826,D
958117,D
461461,D
149576,D
217698,D
226727,D
983557,D
570665,D
792435,D
881132,D
846473,D
514977,D
886709,D
590326,D
785419,D
695572,D
509143,D
756492,D
605033,D
350628,D
284211,D
788694,D
998048,D
657408,D
684872,D
176103,D
265160,D
344587,D
527264,D
400761,D
285529,D
236644,D
950493,D
139297,D
669489,D
884681,D
277512,D
983565,D
596675,D
499554,D
636212,D
644482,D
922959,D
751678,D
492694,D
762095,D
484827,D
200893,D
162648,D
184510,D
423021,D
520244,D
947601,D
799942,D
853453,D
594275,D
584667,D
929642,D
398887,D
396408,D
638210,D
692757,D
159654,D
691875,D
106360,D
346323,D
247469,D
616561,D
901401,D
254351,D
534512,D
753007,D
814672,D
946031,D
215211,D
680010,D
494714,D
171349,D
838723,D
899735,D
587107,D
348687,D
206134,D
547393,D
338127,D
561481,D
186442,D
199883,D
471379,D
789900,D
102580,D
469882,D
344557,D
238559,D
731014,D
660852,D
785157,D
464876,D
859320,D
709728,D
158704,D
846184,D
773346,D
930172,D
360609,D
841313,D
691104,D
161028,D
933109,D
462243,D
289313,D
129990,D
709387,D
465120,D
792437,D
345562,D
392287,D
205315,D
345599,D
278979,D
411204,D
458185,D
875477,D
888010,D
764606,D
871194,D
747917,D
529367,D
761655,D
770324,D
390961,D
741269,D
270116,D
775000,D
519615,D
694776,D
442567,D
325003,D
837750,D
205732,D
921259,D
654050,D
805024,D
126537,D
950275,D
108046,D
662780,D
529927,D
221385,D
533948,D
652028,D
586693,D
628840,D
683769,D
604916,D
794683,D
346907,D
123761,D
774463,D
139834,D
794586,D
600823,D
231598,D
444090,D
602854,D
614132,D
427157,D
110009,D
196275,D
748170,D
981184,D
209858,D
538630,D
602628,D
357310,D
111927,D
299884,D
576654,D
146050,D
567263,D
666559,D
423814,D
735049,D
124762,D
790018,D
662843,D
114619,D
371594,D
345370,D
274946,D
799964,D
352550,D
477352,D
853866,D
248118,D
194067,D
845267,D
315168,D
889081,D
938321,D
108256,D
832091,D
153053,D
750606,D
588432,D
788741,D
699962,D
486602,D
438209,D
307422,D
532057,D
775932,D
724044,D
168661,D
465228,D
371527,D
707549,D
387641,D
193442,D
879017,D
129339,D
228228,D
249984,D
413695,D
490826,D
885482,D
517274,D
960171,D
609702,D
655755,D
520793,D
109236,D
799261,D
509849,D
392153,D
730372,D
632625,D
589939,D
894365,D
667333,D
159061,D
954715,D
176306,D
145901,D
673895,D
436914,D
201961,D
281201,D
751890,D
165847,D
470400,D
909640,D
789920,D
942683,D
398370,D
889097,D
856001,D
940132,D
322850,D
582244,D
328475,D
701012,D
207279,D
951987,D
746270,D
863606,D
357794,D
548658,D
360735,D
403207,D
533735,D
942800,D
333355,D
605163,D
103923,D
185647,D
946062,D
482162,D
133152,D
553000,D
656309,D
387897,D
888653,D
738315,D
258668,D
736282,D
125549,D
207607,D
662318,D
229945,D
302215,D
272244,D
173415,D
220356,D
594784,D
585668,D
782056,D
353819,D
190774,D
346756,D
593760,D
295156,D
340979,D
613357,D
592767,D
365633,D
500343,D
690605,D
184425,D
574994,D
420903,D
984088,D
367612,D
915824,D
919252,D
754140,D
436365,D
279742,D
657197,D
751271,D
784400,D
820978,D
329676,D
717045,D
941670,D
703790,D
521441,D
678550,D
821373,D
949969,D
424770,D
741545,D
217678,D
180252,D
430732,D
230686,D
348111,D
879356,D
577973,D
941031,D
798914,D
278019,D
186358,D
800556,D
313289,D
458879,D
869746,D
449331,D
888312,D
116161,D
799947,D
625085,D
945265,D
199668,D
559948,D
827251,D
994142,D
556909,D
891761,D
449686,D
853844,D
245735,D
585361,D
721773,D
882563,D
305943,D
521928,D
320841,D
489708,D
701670,D
389282,D
793019,D
336854,D
732970,D
235187,D
425917,D
259155,D
391421,D
708263,D
556841,D
212414,D
527355,D
772439,D
355253,D
204115,D
310379,D
528769,D
228417,D
468858,D
903306,D
212584,D
556261,D
405830,D
999010,D
109378,D
804633,D
690575,D
706740,D
699144,D
872627,D
742077,D
388017,D
385433,D
586110,D
583721,D
308130,D
520033,D
574258,D
717328,D
367139,D
463150,D
931266,D
144101,D
865548,D
467555,D
137518,D
826464,D
456538,D
545155,D
646564,D
424023,D
972192,D
942021,D
621952,D
960055,D
991283,D
876085,D
390097,D
892546,D
104824,D
986096,D
470571,D
557720,D
201969,D
325955,D
659049,D
687440,D
966345,D
977246,D
870978,D
644348,D
364546,D
149327,D
759234,D
295289,D
897323,D
626911,D
397926,D
448682,D
287153,D
849838,D
548820,D
711063,D
124201,D
246336,D
976712,D
719306,D
808757,D
551886,D
610122,D
696775,D
625128,D
506561,D
746083,D
337338,D
518322,D
426962,D
853514,D
252662,D
276590,D
310465,D
356181,D
635760,D
198878,D
332027,D
552843,D
801536,D
529688,D
399031,D
325013,D
331734,D
304254,D
744083,D
691977,D
737071,D
200662,D
596696,D
728286,D
531151,D
613014,D
546791,D
178019,D
568302,D
470882,D
523717,D
343886,D
267399,D
448828,D
909262,D
484321,D
757148,D
123321,D
539943,D
286023,D
110767,D
246087,D
876584,D
886520,D
470765,D
356192,D
510102,D
569540,D
654395,D
664038,D
688452,D
566500,D
464615,D
863647,D
873839,D
364618,D
931810,D
484293,D
298192,D
932540,D
687337,D
160076,D
350552,D
329854,D
844262,D
859965,D
728144,D
238439,D
313153,D
138407,D
393205,D
978936,D
921109,D
486596,D
519622,D
405050,D
125688,D
216445,D
294377,D
480757,D
944262,D
586348,D
706539,D
307857,D
129041,D
950598,D
713438,D
390535,D
881933,D
526376,D
943376,D
780939,D
773176,D
735738,D
619252,D
220939,D
246878,D
393018,D
664369,D
644440,D
447637,D
576955,D
702828,D
758103,D
684980,D
798400,D
720588,D
197610,D
673507,D
184560,D
730534,D
440963,D
892140,D
359647,D
732250,D
479678,D
681063,D
607346,D
314803,D
488886,D
936252,D
702194,D
126392,D
939018,D
881094,D
194394,D
888697,D
680272,D
928362,D
510121,D
748029,D
126189,D
803450,D
689376,D
298471,D
694917,D
743994,D
171374,D
347724,D
260338,D
438501,D
310048,D
155483,D
835780,D
680247,D
461223,D
490896,D
839020,D
218124,D
623208,D
174382,D
912689,D
845782,D
504743,D
143520,D
989939,D
497118,D
315090,D
321624,D
651791,D
707398,D
290213,D
202686,D
491916,D
991404,D
653076,D
255571,D
504686,D
952332,D
985554,D
324394,D
960853,D
272879,D
338608,D
299474,D
396657,G
538141,G
448737,G
403822,G
283297,G
735305,G
500960,G
657745,G
207470,G
841847,G
299655,G
573498,G
538540,G
374122,G
475198,G
625193,G
524738,G
914624,G
667392,G
922031,G
901620,G
859528,G
155942,G
579982,G
219121,G
218034,G
830351,G
758997,G
135822,G
316048,G
690212,G
396040,G
681793,G
839523,G
664931,G
973925,G
187317,G
369382,G
780219,G
792484,G
561281,G
757193,G
955797,G
403436,G
987029,G
554523,G
688119,G
308144,G
474714,G
831220,G
252689,G
916775,G
741851,G
303958,G
925599,G
603373,G
430877,G
838895,G
611859,G
697221,G
214110,G
920690,G
667546,G
459258,G
282668,G
740800,G
845826,G
407530,G
145821,G
687452,G
477686,G
650261,G
824975,F
252237,F
315799,F
661644,F
222997,E
162508,E
741577,E
283996,E
584237,C
565399,C
153000,C
273398,C
912724,C
546137,C
690231,C
778780,C
959350,C
767926,C
165091,C
775354,C
641211,C
585469,C
332272,C
332454,C
608937,C
988103,C
504944,C
842601,C
753009,C
645568,C
618098,C
240924,C
130215,C
572256,C
753361,C
929374,C
737918,C
935279,C
114864,C
380391,C
951584,C
662093,C
583020,C
306552,C
892372,C
139924,C
385447,C
811647,C
749694,C
969074,C
300126,C
675225,C
907372,C
673299,C
916221,C
394285,B
739602,B
662443,B
754813,B
312225,B
278875,B
437997,B
753275,B
723073,B
209386,B
198826,B
427139,B
986315,B
559999,B
384126,B
716893,B
819175,B
603649,B
825099,B
556543,B
953414,B
853339,B
941863,B
876936,B
437651,B
135691,B
501617,B
430998,B
538422,B
770342,B
341986,B
482962,B
518746,B
312976,B
981351,B
286640,B
115723,B
796007,B
722296,B
389970,B
944592,B
966603,B
123216,B
409541,B
344316,B
258418,B
435422,B
254366,B
794467,B
852121,B
783026,B
140524,B
405427,B
774519,B
549707,B
522733,B
253706,B
130363,B
127504,B
509820,B
868621,B
928498,B
414035,B
741261,B
253019,B
182059,B
107015,B
651317,B
838597,B
600682,B
329591,B
480004,B
983007,B
974300,B
430538,B
684897,B
208753,B
763639,B
901940,B
177713,B
369776,B
316667,B
948772,B
744159,B
611168,B
153148,B
363244,B
939698,B
200115,B
441393,B
558132,B
138682,B
742958,B
535094,B
712669,B
701854,B
178972,B
408066,B
875347,B
948138,B
672720,B
576557,B
757822,B
691692,B
902872,B
411103,B
422000,B
776545,B
184202,B
113802,B
856899,B
398644,B
925544,B
382442,B
199811,B
508764,B
994432,B
507608,B
598904,B
319354,B
788305,B
984661,B
602395,B
674181,B
248522,B
893804,B
320118,B
522734,B
371737,B
191557,B
282227,B
528371,B
416042,B
469613,B
912277,B
863745,B
992623,B
317125,B
848669,B
787453,B
844958,B
277690,B
572463,B
773201,B
305925,B
845758,B
724072,B
359850,B
345549,B
736387,B
432712,B
212593,B
789977,B
276555,B
265214,B
835349,B
411637,B
888829,B
479927,B
355209,B
860131,B
972764,B
884324,B
140422,B
160639,B
817397,B
565526,B
823017,B
578261,B
927225,B
545919,B
312944,B
817810,B
463487,B
233509,B
587383,B
770274,B
464506,B
362447,B
247208,B
254411,B
996255,B
978315,B
723688,B
152203,B
206776,B
984006,B
186612,B
833488,B
823329,B
601861,B
215602,B
966560,B
317369,B
792742,B
156966,B
461139,B
685958,B
750660,B
887498,B
501096,B
473443,B
558808,B
462432,B
476449,B
469831,B
768087,B
577255,B
242362,B
508387,B
608075,B
415901,B
263201,B
329805,B
243764,B
605725,B
324413,B
376096,B
923309,B
728745,B
688348,B
101688,B
768507,B
828967,B
596919,B
253302,B
792044,B
994187,B
328869,B
428282,B
319076,B
626289,B
587646,B
672159,B
591234,B
118730,B
526023,B
774550,B
787558,B
612307,B
204163,B
438521,B
837514,B
354464,B
693270,B
595119,B
278770,B
829766,B
407749,B
665262,B
145097,B
574283,B
840854,B
332544,B
160682,B
126979,B
103617,B
221230,B
834547,B
120193,B
992547,B
563456,B
536722,B
771074,B
159877,B
387539,B
560014,B
254795,B
494199,B
107936,B
281299,B
961458,B
788470,B
795055,B
800844,B
739604,B
741685,B
931530,B
157114,B
116409,B
698291,B
192106,B
893940,B
180359,B
124477,B
193215,B
870120,B
194726,B
684197,B
686753,B
982522,B
281501,B
466144,B
430614,B
660632,B
913579,B
103128,B
635192,B
189748,B
664337,B
131392,B
311854,B
720323,B
912678,B
972728,B
835840,B
949762,B
450033,B
165791,B
357539,B
441617,B
558315,B
457495,B
130638,B
995971,B
731652,B
772711,B
664608,B
148304,B
315803,B
655880,B
639907,B
258630,B
222510,B
904592,B
996387,B
610666,B
884998,B
416302,B
762208,B
945585,B
930401,B
943848,B
263760,B
241163,B
262316,B
926351,B
832020,B
757578,B
378302,B
463274,B
801232,B
318885,B
639832,B
620759,B
416174,B
593986,B
100019,B
974223,B
454755,B
107413,B
567312,B
127208,B
479363,B
655878,B
558409,B
633999,B
771577,B
403960,B
232423,B
247077,B
152301,B
872426,B
644047,B
850666,B
404153,B
173254,B
984105,B
512169,B
104804,B
382789,B
244947,B
447939,B
428106,B
106866,B
278855,B
430267,B
637445,B
184698,B
447791,B
972259,B
303930,B
840058,B
687425,B
300548,B
814930,B
702100,B
480061,B
977865,B
602053,B
815131,B
500933,B
460384,B
166375,B
914077,B
680130,B
283010,B
524169,B
534647,B
269976,B
620765,B
353858,B
267607,B
327433,B
403056,B
147014,B
643650,B
780314,B
101822,B
715358,B
808586,B
201868,B
296761,B
904023,B
806363,B
396737,B
991104,B
719382,B
178072,B
656544,B
382649,B
253124,B
405793,B
870697,B
306095,B
231566,B
287713,B
829316,B
581509,B
162672,B
512677,B
537641,B
739641,B
357409,B
176135,B
852715,B
236430,B
770722,B
210743,B
186142,B
341110,B
951390,B
666009,B
554456,B
600227,B
133524,B
933604,B
608802,B
999739,B
224595,B
888106,B
776525,B
548875,B
339974,B
897710,B
563806,B
634678,B
132348,B
893393,B
927203,B
937820,B
672038,B
614467,B
717893,B
425247,B
338255,B
884771,B
372990,B
457690,B
526422,B
631721,B
736684,B
205751,B
410491,B
549570,B
456775,B
597288,B
440675,B
417536,B
153996,B
477755,B
809698,B
185095,B
810044,B
500693,B
927697,B
104100,B
435961,B
718194,B
467373,B
847434,B
781095,B
738213,B
150768,B
647154,B
438427,B
797388,B
502969,B
579647,B
254192,B
318786,B
139911,A
865494,A
977819,A
100228,A
870622,A
705870,A
306467,A
481299,A
335443,A
784430,A
526207,A
827190,A
564129,A
295164,A
204100,A
586094,A
142521,A
951493,A
708624,A
660595,A
741229,A
372701,A
586252,A
450714,A
618239,A
761439,A
673001,A
609296,A
312177,A
908361,A
841069,A
680099,A
772260,A
980817,A
404987,A
729187,A
707074,A
527657,A
894436,A
532826,A
530228,A
368478,A
678150,A
164147,A
759704,A
241111,A
930073,A
946005,A
147147,A
876181,A
720918,A
545202,A
498867,A
943568,A
132098,A
122384,A
220701,A
165488,A
808836,A
893112,A
743579,A
372602,A
901261,A
617164,A
405025,A
160724,A
602297,A
268275,A
815444,A
108026,A
547734,A
724557,A
521368,A
394165,A
409059,A
501970,A
926010,A
257408,A
257513,A
675194,A
625629,A
215812,A
551495,A
547262,A
167578,A
133182,A
334375,A
708570,A
711395,A
209615,A
618383,A
674391,A
312751,A
846830,A
161439,A
178573,A
331674,A
869010,A
373369,A
872029,A
702143,A
642125,A
304923,A
929315,A
637526,A
629555,A
868568,A
628503,A
709496,A
323130,A
476661,A
905787,A
768730,A
977803,A
769958,A
570437,A
859570,A
389779,A
869002,A
485725,A
171826,A
458938,A
949318,A
415616,A
703561,A
123874,A
540754,A
187288,A
389902,A
291305,A
528976,A
127365,A
184626,A
623378,A
275674,A
557337,A
759327,A
721057,A
290963,A
522002,A
591065,A
958688,A
647036,A
688063,A
158406,A
441359,A
123976,A
726858,A
925479,A
260922,A
672320,A
408858,A
920502,A
917026,A
401964,A
694188,A
346993,A
669891,A
557082,A
100225,A
735951,A
635985,A
818433,A
239280,A
952998,A
523860,A
575472,A
455490,A
635484,A
780181,A
107145,A
322028,A
772040,A
701491,A
682470,A
521941,A
566072,A
263790,A
308988,A
908215,A
501985,A
300430,A
537548,A
833192,A
769517,A
921933,A
674001,A
434684,A
145309,A
604445,A
356282,A
612153,A
258312,A
311632,A
338187,A
911874,A
774535,A
424114,A
509931,A
450959,A
641113,A
521614,A
777303,A
595365,A
583820,A
743106,A
708391,A
451341,A
428529,A
602881,A
682535,A
584287,A
454970,A
609018,A
419468,A
702293,A
540882,A
789048,A
955591,A
843017,A
704236,A
514207,A
492669,A
750865,A
660888,A
820997,A
655697,A
500770,A
231617,A
399038,A
558120,A
906439,A
833979,A
661352,A
791603,A
114229,A
269810,A
847646,A
260857,A
335432,A
228437,A
670545,A
788607,A
401504,A
262799,A
990776,A
163896,A
150351,A
427370,A
357990,A
362239,A
684532,A
139810,A
841403,A
917547,A
137461,A
742637,A
181151,A
821058,A
696294,A
252318,A
345829,A
715032,A
183233,A
219497,A
343039,A
211701,A
844627,A
367843,A
838374,A
747820,A
344500,A
310277,A
621169,A
375263,A
989968,A
174148,A
884887,A
442822,A
593102,A
623724,A
726060,A
151351,A
737350,A
125740,A
919703,A
319874,A
680325,A
574828,A
266742,A
395367,A
748559,A
976650,A
166656,A
328718,A
524198,A
384283,A
449040,A
167475,A
829878,A
864694,A
965733,A
217598,A
969705,A
891250,A
336038,A
899444,A
898747,A
627282,A
992064,A
817652,A
500475,A
107157,A
576279,A
657961,A
829605,A
197804,A
572185,A
752203,A
322432,A
612920,A
314807,A
854994,A
612258,A
968375,A
291616,A
651309,A
396264,A
186938,A
729509,A
153256,A
199078,A
225328,A
251357,A
805220,A
766643,A
268247,A
348787,A
277148,A
985899,A
541611,A
446666,A
155364,A
156175,A
193711,A
428183,A
608762,A
856773,A
635680,A
655791,A
170677,A
310026,A
172134,A
845918,A
865198,A
700218,A
426748,A
394477,A
698924,A
391098,A
433013,A
175404,A
687789,A
320664,A
634778,A
582690,A
554165,A
816645,A
615025,A
109411,A
442027,A
255637,A
174258,A
115544,A
825602,A
728372,A
667115,A
218890,A
959351,A
785838,A
642615,A
724313,A
979035,A
273221,A
767491,A
492233,A
653466,A
151856,A
343798,A
228738,A
525947,A
121526,A
472055,A
614946,A
173798,A
489020,A
128437,A
731231,A
659231,A
738685,A
999616,A
437116,A
828289,A
680890,A
709133,A
850081,A
349486,A
446050,A
430119,A
223336,A
693896,A
107417,A
463480,A
736932,A
449563,A
850656,A
650060,A
779377,A
938674,A
404104,A
984835,A
452630,A
303856,A
645148,A
285335,A
602017,A
775552,A
844739,A
330526,A
802012,A
596973,A
965137,A
928625,A
975915,A
800806,A
396288,A
379594,A
866149,A
757253,A
936506,A
620302,A
175769,A
619286,A
921527,A
525805,A
839886,A
508732,A
487385,A
731320,A
682697,A
347224,A
474997,A
942626,A
809701,A
164771,A
999736,A
200833,A
441280,A
799126,A
398487,A
108383,A
842194,A
384060,A
992591,A
258809,A
909896,A
125122,A
109081,A
775237,A
746732,A
483034,A
261087,A
655414,A
600170,A
953120,A
325676,A
350077,A
215639,A
